Player,Tm,Pos,G,PassingCmp,PassingAtt,PassingYds,PassingTD,PassingInt,RushingAtt,RushingYds,RushingY/A,RushingTD,ReceivingTgt,ReceivingRec,ReceivingYds,ReceivingY/R,ReceivingTD,FumblesFmb,FumblesFL,Scoring2PM,Scoring2PP,Name
Jonathan Taylor,IND,RB,17,0.0,0.0,0.0,0.0,0.0,332.0,1811.0,5.45,18.0,51.0,40.0,360.0,9.0,2.0,4.0,2.0,0.0,0.0,J.Taylor
Cooper Kupp,LAR,WR,17,0.0,1.0,0.0,0.0,0.0,4.0,18.0,4.5,0.0,191.0,145.0,1947.0,13.43,16.0,0.0,0.0,1.0,0.0,C.Kupp
Deebo Samuel,SFO,WR,16,1.0,2.0,24.0,1.0,0.0,59.0,365.0,6.19,8.0,121.0,77.0,1405.0,18.25,6.0,4.0,2.0,0.0,0.0,D.Samuel
Josh Allen,BUF,QB,17,409.0,646.0,4407.0,36.0,15.0,122.0,763.0,6.25,6.0,0.0,0.0,0.0,0.0,0.0,8.0,3.0,2.0,1.0,J.Allen
Austin Ekeler,LAC,RB,16,0.0,0.0,0.0,0.0,0.0,206.0,911.0,4.42,12.0,94.0,70.0,647.0,9.24,8.0,4.0,3.0,2.0,0.0,A.Ekeler
Justin Herbert,LAC,QB,17,443.0,672.0,5014.0,38.0,15.0,63.0,302.0,4.79,3.0,0.0,0.0,0.0,0.0,0.0,1.0,1.0,1.0,5.0,J.Herbert
Tom Brady,TAM,QB,17,485.0,719.0,5316.0,43.0,12.0,28.0,81.0,2.89,2.0,0.0,0.0,0.0,0.0,0.0,4.0,3.0,0.0,0.0,T.Brady
Mark Andrews,BAL,TE,17,0.0,0.0,0.0,0.0,0.0,1.0,0.0,0.0,0.0,153.0,107.0,1361.0,12.72,9.0,1.0,0.0,2.0,0.0,M.Andrews
Ja'Marr Chase,CIN,WR,17,0.0,0.0,0.0,0.0,0.0,7.0,21.0,3.0,0.0,128.0,81.0,1455.0,17.96,13.0,2.0,1.0,0.0,0.0,J.Chase
Justin Jefferson,MIN,WR,17,2.0,4.0,35.0,0.0,0.0,6.0,14.0,2.33,0.0,167.0,108.0,1616.0,14.96,10.0,1.0,1.0,0.0,0.0,J.Jefferson
Joe Mixon,CIN,RB,16,0.0,0.0,0.0,0.0,0.0,292.0,1205.0,4.13,13.0,48.0,42.0,314.0,7.48,3.0,2.0,1.0,0.0,0.0,J.Mixon
Davante Adams,GNB,WR,16,0.0,0.0,0.0,0.0,0.0,0.0,0.0,0.0,0.0,169.0,123.0,1553.0,12.63,11.0,0.0,0.0,0.0,0.0,D.Adams
Patrick Mahomes,KAN,QB,17,436.0,658.0,4839.0,37.0,13.0,66.0,381.0,5.77,2.0,0.0,0.0,0.0,0.0,0.0,9.0,4.0,1.0,1.0,P.Mahomes
Najee Harris,PIT,RB,17,0.0,0.0,0.0,0.0,0.0,307.0,1200.0,3.91,7.0,94.0,74.0,467.0,6.31,3.0,0.0,0.0,0.0,0.0,N.Harris
Travis Kelce,KAN,TE,16,0.0,0.0,0.0,0.0,0.0,2.0,3.0,1.5,1.0,134.0,92.0,1125.0,12.23,9.0,1.0,1.0,0.0,0.0,T.Kelce
James Conner,ARI,RB,15,0.0,0.0,0.0,0.0,0.0,202.0,752.0,3.72,15.0,39.0,37.0,375.0,10.14,3.0,2.0,0.0,0.0,0.0,J.Conner
Mike Evans,TAM,WR,16,0.0,0.0,0.0,0.0,0.0,1.0,10.0,10.0,0.0,114.0,74.0,1035.0,13.99,14.0,0.0,0.0,0.0,0.0,M.Evans
Aaron Rodgers,GNB,QB,16,366.0,531.0,4115.0,37.0,4.0,33.0,101.0,3.06,3.0,1.0,1.0,-4.0,-4.0,0.0,3.0,0.0,0.0,0.0,A.Rodgers
Tyreek Hill,KAN,WR,17,0.0,0.0,0.0,0.0,0.0,9.0,96.0,10.67,0.0,159.0,111.0,1239.0,11.16,9.0,2.0,1.0,0.0,0.0,T.Hill
Matthew Stafford,LAR,QB,17,404.0,601.0,4886.0,41.0,17.0,32.0,43.0,1.34,0.0,0.0,0.0,0.0,0.0,0.0,5.0,2.0,0.0,2.0,M.Stafford
Stefon Diggs,BUF,WR,17,0.0,0.0,0.0,0.0,0.0,0.0,0.0,0.0,0.0,164.0,103.0,1225.0,11.89,10.0,1.0,0.0,0.0,0.0,S.Diggs
Ezekiel Elliott,DAL,RB,17,1.0,1.0,4.0,0.0,0.0,237.0,1002.0,4.23,10.0,65.0,47.0,287.0,6.11,2.0,1.0,1.0,3.0,0.0,E.Elliott
Dak Prescott,DAL,QB,16,410.0,596.0,4449.0,37.0,10.0,48.0,146.0,3.04,1.0,0.0,0.0,0.0,0.0,0.0,14.0,6.0,1.0,2.0,D.Prescott
Nick Chubb,CLE,RB,14,0.0,0.0,0.0,0.0,0.0,228.0,1259.0,5.52,8.0,25.0,20.0,174.0,8.7,1.0,2.0,1.0,0.0,0.0,N.Chubb
Mike Williams,LAC,WR,16,0.0,0.0,0.0,0.0,0.0,0.0,0.0,0.0,0.0,129.0,76.0,1146.0,15.08,9.0,0.0,0.0,1.0,0.0,M.Williams
D.K. Metcalf,SEA,WR,17,0.0,0.0,0.0,0.0,0.0,1.0,6.0,6.0,0.0,129.0,75.0,967.0,12.89,12.0,1.0,0.0,0.0,0.0,D.Metcalf
Tyler Lockett,SEA,WR,16,0.0,0.0,0.0,0.0,0.0,2.0,9.0,4.5,0.0,107.0,73.0,1175.0,16.1,8.0,0.0,0.0,1.0,0.0,T.Lockett
Damien Harris,NWE,RB,15,0.0,0.0,0.0,0.0,0.0,202.0,929.0,4.6,15.0,21.0,18.0,132.0,7.33,0.0,2.0,2.0,0.0,0.0,D.Harris
Joe Burrow,CIN,QB,16,366.0,520.0,4611.0,34.0,14.0,40.0,118.0,2.95,2.0,0.0,0.0,0.0,0.0,0.0,5.0,2.0,0.0,1.0,J.Burrow
Diontae Johnson,PIT,WR,16,0.0,0.0,0.0,0.0,0.0,5.0,53.0,10.6,0.0,169.0,107.0,1161.0,10.85,8.0,2.0,2.0,1.0,0.0,D.Johnson
Jalen Hurts,PHI,QB,15,265.0,432.0,3144.0,16.0,9.0,139.0,784.0,5.64,10.0,1.0,0.0,0.0,0.0,0.0,9.0,2.0,0.0,3.0,J.Hurts
Alvin Kamara,NOR,RB,13,0.0,0.0,0.0,0.0,0.0,240.0,898.0,3.74,4.0,67.0,47.0,439.0,9.34,5.0,0.0,0.0,0.0,0.0,A.Kamara
Antonio Gibson,WAS,RB,16,0.0,0.0,0.0,0.0,0.0,258.0,1037.0,4.02,7.0,52.0,42.0,294.0,7.0,3.0,6.0,4.0,1.0,0.0,A.Gibson
Leonard Fournette,TAM,RB,14,0.0,1.0,0.0,0.0,0.0,180.0,812.0,4.51,8.0,84.0,69.0,454.0,6.58,2.0,1.0,0.0,0.0,0.0,L.Fournette
Dalton Schultz,DAL,TE,17,0.0,0.0,0.0,0.0,0.0,0.0,0.0,0.0,0.0,104.0,78.0,808.0,10.36,8.0,0.0,0.0,1.0,0.0,D.Schultz
Cordarrelle Patterson,ATL,RB,16,0.0,1.0,0.0,0.0,0.0,153.0,618.0,4.04,6.0,69.0,52.0,548.0,10.54,5.0,2.0,0.0,0.0,0.0,C.Patterson
George Kittle,SFO,TE,14,0.0,0.0,0.0,0.0,0.0,3.0,20.0,6.67,0.0,94.0,71.0,910.0,12.82,6.0,2.0,1.0,0.0,0.0,G.Kittle
Hunter Renfrow,LVR,WR,17,0.0,0.0,0.0,0.0,0.0,3.0,3.0,1.0,0.0,128.0,103.0,1038.0,10.08,9.0,5.0,1.0,0.0,0.0,H.Renfrow
CeeDee Lamb,DAL,WR,16,0.0,0.0,0.0,0.0,0.0,9.0,76.0,8.44,0.0,120.0,79.0,1102.0,13.95,6.0,0.0,0.0,0.0,0.0,C.Lamb
Kyler Murray,ARI,QB,14,333.0,481.0,3787.0,24.0,10.0,88.0,423.0,4.81,5.0,0.0,0.0,7.0,0.0,0.0,13.0,0.0,0.0,0.0,K.Murray
Kirk Cousins,MIN,QB,16,372.0,561.0,4221.0,33.0,7.0,29.0,115.0,3.97,1.0,0.0,0.0,0.0,0.0,0.0,12.0,2.0,0.0,0.0,K.Cousins
Aaron Jones,GNB,RB,15,0.0,0.0,0.0,0.0,0.0,171.0,799.0,4.67,4.0,65.0,52.0,391.0,7.52,6.0,2.0,1.0,0.0,0.0,A.Jones
Keenan Allen,LAC,WR,16,0.0,1.0,0.0,0.0,0.0,0.0,0.0,0.0,0.0,157.0,106.0,1138.0,10.74,6.0,1.0,0.0,0.0,1.0,K.Allen
Derrick Henry,TEN,RB,8,1.0,1.0,5.0,1.0,0.0,219.0,937.0,4.28,10.0,20.0,18.0,154.0,8.56,0.0,1.0,0.0,1.0,0.0,D.Henry
Michael Pittman Jr.,IND,WR,17,0.0,0.0,0.0,0.0,0.0,5.0,44.0,8.8,0.0,129.0,88.0,1082.0,12.3,6.0,1.0,0.0,1.0,0.0,M.Pittman Jr.
Dalvin Cook,MIN,RB,13,0.0,0.0,0.0,0.0,0.0,249.0,1159.0,4.65,6.0,49.0,34.0,224.0,6.59,0.0,3.0,2.0,1.0,0.0,D.Cook
Josh Jacobs,LVR,RB,15,0.0,0.0,0.0,0.0,0.0,217.0,872.0,4.02,9.0,64.0,54.0,348.0,6.44,0.0,2.0,2.0,0.0,0.0,J.Jacobs
Rob Gronkowski,TAM,TE,12,0.0,0.0,0.0,0.0,0.0,0.0,0.0,0.0,0.0,89.0,55.0,802.0,14.58,6.0,0.0,0.0,0.0,0.0,R.Gronkowski
Tee Higgins,CIN,WR,14,0.0,0.0,0.0,0.0,0.0,0.0,0.0,0.0,0.0,110.0,74.0,1091.0,14.74,6.0,1.0,1.0,1.0,0.0,T.Higgins
Dawson Knox,BUF,TE,15,0.0,0.0,0.0,0.0,0.0,0.0,4.0,0.0,0.0,71.0,49.0,587.0,11.98,9.0,0.0,0.0,0.0,1.0,D.Knox
D.J. Moore,CAR,WR,17,0.0,0.0,0.0,0.0,0.0,8.0,48.0,6.0,0.0,163.0,93.0,1157.0,12.44,4.0,1.0,1.0,1.0,0.0,D.Moore
Chris Godwin,TAM,WR,14,0.0,0.0,0.0,0.0,0.0,4.0,21.0,5.25,1.0,127.0,98.0,1103.0,11.26,5.0,2.0,2.0,0.0,0.0,C.Godwin
Hunter Henry,NWE,TE,17,0.0,0.0,0.0,0.0,0.0,0.0,0.0,0.0,0.0,75.0,50.0,603.0,12.06,9.0,0.0,0.0,0.0,0.0,H.Henry
Melvin Gordon,DEN,RB,16,0.0,0.0,0.0,0.0,0.0,203.0,918.0,4.52,8.0,38.0,28.0,213.0,7.61,2.0,3.0,3.0,0.0,0.0,M.Gordon
Jaylen Waddle,MIA,WR,16,0.0,0.0,0.0,0.0,0.0,2.0,3.0,1.5,1.0,140.0,104.0,1015.0,9.76,6.0,2.0,1.0,0.0,0.0,J.Waddle
Brandin Cooks,HOU,WR,16,0.0,0.0,0.0,0.0,0.0,2.0,21.0,10.5,0.0,134.0,90.0,1037.0,11.52,6.0,0.0,0.0,0.0,0.0,B.Cooks
Dallas Goedert,PHI,TE,15,0.0,0.0,0.0,0.0,0.0,0.0,0.0,0.0,0.0,76.0,56.0,830.0,14.82,4.0,1.0,0.0,1.0,0.0,D.Goedert
Darnell Mooney,CHI,WR,17,0.0,0.0,0.0,0.0,0.0,6.0,32.0,5.33,1.0,140.0,81.0,1055.0,13.02,4.0,0.0,0.0,0.0,0.0,D.Mooney
Kyle Pitts,ATL,TE,17,0.0,0.0,0.0,0.0,0.0,0.0,0.0,0.0,0.0,110.0,68.0,1026.0,15.09,1.0,0.0,0.0,0.0,0.0,K.Pitts
Javonte Williams,DEN,RB,17,0.0,0.0,0.0,0.0,0.0,203.0,903.0,4.45,4.0,53.0,43.0,316.0,7.35,3.0,2.0,1.0,0.0,0.0,J.Williams
Amon-Ra St. Brown,DET,WR,17,0.0,0.0,0.0,0.0,0.0,7.0,61.0,8.71,1.0,119.0,90.0,912.0,10.13,5.0,0.0,0.0,2.0,0.0,A.St. Brown
Zach Ertz,2TM,TE,17,0.0,0.0,0.0,0.0,0.0,1.0,4.0,4.0,0.0,112.0,74.0,763.0,10.31,5.0,0.0,0.0,0.0,0.0,Z.Ertz
Terry McLaurin,WAS,WR,17,0.0,0.0,0.0,0.0,0.0,1.0,12.0,12.0,0.0,130.0,77.0,1053.0,13.68,5.0,0.0,0.0,0.0,0.0,T.McLaurin
Marquise Brown,BAL,WR,16,0.0,0.0,0.0,0.0,0.0,1.0,5.0,5.0,0.0,146.0,91.0,1008.0,11.08,6.0,3.0,1.0,0.0,0.0,M.Brown
Amari Cooper,DAL,WR,15,0.0,0.0,0.0,0.0,0.0,0.0,0.0,0.0,0.0,104.0,68.0,865.0,12.72,8.0,1.0,0.0,0.0,0.0,A.Cooper
Devin Singletary,BUF,RB,17,0.0,0.0,0.0,0.0,0.0,188.0,870.0,4.63,7.0,50.0,40.0,228.0,5.7,1.0,5.0,0.0,0.0,0.0,D.Singletary
Adam Thielen,MIN,WR,13,0.0,0.0,0.0,0.0,0.0,1.0,2.0,2.0,0.0,95.0,67.0,726.0,10.84,10.0,1.0,0.0,0.0,0.0,A.Thielen
Christian Kirk,ARI,WR,17,1.0,1.0,33.0,0.0,0.0,1.0,11.0,11.0,0.0,103.0,77.0,982.0,12.75,5.0,0.0,0.0,0.0,0.0,C.Kirk
David Montgomery,CHI,RB,13,0.0,1.0,0.0,0.0,1.0,225.0,849.0,3.77,7.0,51.0,42.0,301.0,7.17,0.0,1.0,1.0,0.0,0.0,D.Montgomery
AJ Dillon,GNB,RB,17,0.0,0.0,0.0,0.0,0.0,187.0,803.0,4.29,5.0,37.0,34.0,313.0,9.21,2.0,2.0,1.0,0.0,0.0,A.Dillon
Kendrick Bourne,NWE,WR,17,1.0,1.0,25.0,1.0,0.0,12.0,125.0,10.42,0.0,70.0,55.0,800.0,14.55,5.0,1.0,1.0,0.0,0.0,K.Bourne
Darrel Williams,KAN,RB,17,0.0,0.0,0.0,0.0,0.0,144.0,558.0,3.88,6.0,57.0,47.0,452.0,9.62,2.0,0.0,0.0,0.0,0.0,D.Williams
D'Andre Swift,DET,RB,13,0.0,1.0,0.0,0.0,0.0,151.0,617.0,4.09,5.0,78.0,62.0,452.0,7.29,2.0,2.0,1.0,0.0,0.0,D.Swift
Mike Gesicki,MIA,TE,17,0.0,1.0,0.0,0.0,0.0,0.0,0.0,0.0,0.0,112.0,73.0,780.0,10.68,2.0,0.0,0.0,1.0,0.0,M.Gesicki
Elijah Mitchell,SFO,RB,11,0.0,0.0,0.0,0.0,0.0,207.0,963.0,4.65,5.0,20.0,19.0,137.0,7.21,1.0,0.0,0.0,0.0,0.0,E.Mitchell
Ryan Tannehill,TEN,QB,17,357.0,531.0,3734.0,21.0,14.0,55.0,270.0,4.91,7.0,0.0,0.0,0.0,0.0,0.0,10.0,4.0,0.0,1.0,R.Tannehill
Carson Wentz,IND,QB,17,322.0,516.0,3563.0,27.0,7.0,57.0,215.0,3.77,1.0,0.0,0.0,0.0,0.0,0.0,8.0,5.0,0.0,2.0,C.Wentz
Derek Carr,LVR,QB,17,428.0,626.0,4804.0,23.0,14.0,40.0,108.0,2.7,0.0,0.0,0.0,0.0,0.0,0.0,13.0,5.0,0.0,0.0,D.Carr
Russell Wilson,SEA,QB,14,259.0,400.0,3113.0,25.0,6.0,43.0,183.0,4.26,2.0,0.0,0.0,0.0,0.0,0.0,6.0,1.0,0.0,1.0,R.Wilson
Lamar Jackson,BAL,QB,12,246.0,382.0,2882.0,16.0,13.0,133.0,767.0,5.77,2.0,0.0,0.0,0.0,0.0,0.0,6.0,3.0,0.0,2.0,L.Jackson
Jimmy Garoppolo,SFO,QB,15,301.0,441.0,3810.0,20.0,12.0,38.0,51.0,1.34,3.0,0.0,0.0,0.0,0.0,0.0,8.0,3.0,0.0,1.0,J.Garoppolo
Mac Jones,NWE,QB,17,352.0,521.0,3801.0,22.0,13.0,44.0,129.0,2.93,0.0,0.0,0.0,0.0,0.0,0.0,7.0,3.0,0.0,2.0,M.Jones
Matt Ryan,ATL,QB,17,375.0,560.0,3968.0,20.0,12.0,40.0,82.0,2.05,1.0,0.0,0.0,0.0,0.0,0.0,11.0,4.0,1.0,0.0,M.Ryan
Taylor Heinicke,WAS,QB,16,321.0,494.0,3419.0,20.0,15.0,60.0,313.0,5.22,1.0,1.0,1.0,-2.0,-2.0,0.0,7.0,2.0,1.0,0.0,T.Heinicke
Ben Roethlisberger,PIT,QB,16,390.0,605.0,3740.0,22.0,10.0,20.0,5.0,0.25,1.0,0.0,0.0,0.0,0.0,0.0,11.0,5.0,0.0,2.0,B.Roethlisberger
Teddy Bridgewater,DEN,QB,14,285.0,426.0,3052.0,18.0,7.0,30.0,106.0,3.53,2.0,0.0,0.0,0.0,0.0,0.0,1.0,1.0,0.0,1.0,T.Bridgewater
Trevor Lawrence,JAX,QB,17,359.0,602.0,3641.0,12.0,17.0,73.0,334.0,4.58,2.0,0.0,0.0,0.0,0.0,0.0,9.0,5.0,0.0,2.0,T.Lawrence
Jared Goff,DET,QB,14,332.0,494.0,3245.0,19.0,8.0,17.0,87.0,5.12,0.0,0.0,0.0,0.0,0.0,0.0,9.0,6.0,0.0,4.0,J.Goff
Baker Mayfield,CLE,QB,14,253.0,418.0,3010.0,17.0,13.0,37.0,134.0,3.62,1.0,0.0,0.0,11.0,0.0,0.0,6.0,3.0,0.0,2.0,B.Mayfield
Tua Tagovailoa,MIA,QB,13,263.0,388.0,2653.0,16.0,10.0,42.0,128.0,3.05,3.0,0.0,0.0,0.0,0.0,0.0,9.0,1.0,0.0,1.0,T.Tagovailoa
Daniel Jones,NYG,QB,11,232.0,361.0,2428.0,10.0,7.0,62.0,298.0,4.81,2.0,1.0,1.0,16.0,16.0,0.0,7.0,3.0,2.0,1.0,D.Jones
Sam Darnold,CAR,QB,12,243.0,406.0,2527.0,9.0,13.0,48.0,222.0,4.63,5.0,0.0,0.0,0.0,0.0,0.0,9.0,4.0,0.0,1.0,S.Darnold
Davis Mills,HOU,QB,13,263.0,394.0,2664.0,16.0,10.0,18.0,44.0,2.44,0.0,0.0,0.0,0.0,0.0,0.0,5.0,1.0,1.0,1.0,D.Mills
Zach Wilson,NYJ,QB,13,213.0,383.0,2334.0,9.0,11.0,29.0,185.0,6.38,4.0,1.0,0.0,0.0,0.0,0.0,5.0,1.0,1.0,1.0,Z.Wilson
James Robinson,JAX,RB,14,0.0,0.0,0.0,0.0,0.0,164.0,767.0,4.68,8.0,46.0,31.0,222.0,7.16,0.0,4.0,2.0,0.0,0.0,J.Robinson
Darrell Henderson,LAR,RB,12,0.0,0.0,0.0,0.0,0.0,149.0,688.0,4.62,5.0,40.0,29.0,176.0,6.07,3.0,0.0,0.0,0.0,0.0,D.Henderson
Justin Fields,CHI,QB,12,159.0,270.0,1870.0,7.0,10.0,72.0,420.0,5.83,2.0,0.0,0.0,0.0,0.0,0.0,12.0,5.0,0.0,0.0,J.Fields
Myles Gaskin,MIA,RB,17,0.0,0.0,0.0,0.0,0.0,173.0,612.0,3.54,3.0,63.0,49.0,234.0,4.78,4.0,2.0,1.0,0.0,0.0,M.Gaskin
Sony Michel,LAR,RB,17,0.0,0.0,0.0,0.0,0.0,208.0,845.0,4.06,4.0,33.0,21.0,128.0,6.1,1.0,1.0,1.0,0.0,0.0,S.Michel
Tony Pollard,DAL,RB,15,0.0,0.0,0.0,0.0,0.0,130.0,719.0,5.53,2.0,46.0,39.0,337.0,8.64,0.0,2.0,0.0,0.0,0.0,T.Pollard
DeVonta Smith,PHI,WR,17,0.0,0.0,0.0,0.0,0.0,0.0,0.0,0.0,0.0,104.0,64.0,916.0,14.31,5.0,1.0,1.0,1.0,0.0,D.Smith
A.J. Brown,TEN,WR,13,0.0,2.0,0.0,0.0,0.0,2.0,10.0,5.0,0.0,105.0,63.0,869.0,13.79,5.0,0.0,0.0,0.0,0.0,A.Brown
Michael Carter,NYJ,RB,14,0.0,0.0,0.0,0.0,0.0,147.0,639.0,4.35,4.0,55.0,36.0,325.0,9.03,0.0,1.0,1.0,0.0,0.0,M.Carter
Taysom Hill,NOR,QB,12,78.0,134.0,978.0,4.0,5.0,70.0,374.0,5.34,5.0,6.0,4.0,52.0,13.0,0.0,2.0,0.0,0.0,0.0,T.Hill
Van Jefferson,LAR,WR,17,0.0,0.0,0.0,0.0,0.0,2.0,20.0,10.0,0.0,89.0,50.0,802.0,16.04,6.0,0.0,0.0,0.0,0.0,V.Jefferson
Tyler Boyd,CIN,WR,16,1.0,1.0,46.0,0.0,0.0,2.0,22.0,11.0,0.0,94.0,67.0,828.0,12.36,5.0,1.0,0.0,0.0,0.0,T.Boyd
Jameis Winston,NOR,QB,7,95.0,161.0,1170.0,14.0,3.0,32.0,166.0,5.19,1.0,0.0,0.0,0.0,0.0,0.0,2.0,1.0,0.0,0.0,J.Winston
Rashaad Penny,SEA,RB,10,0.0,0.0,0.0,0.0,0.0,119.0,749.0,6.29,6.0,8.0,6.0,48.0,8.0,0.0,0.0,0.0,0.0,0.0,R.Penny
Brandon Aiyuk,SFO,WR,17,0.0,0.0,0.0,0.0,0.0,5.0,17.0,3.4,0.0,84.0,56.0,826.0,14.75,5.0,2.0,1.0,1.0,0.0,B.Aiyuk
Devonta Freeman,BAL,RB,16,0.0,0.0,0.0,0.0,0.0,133.0,576.0,4.33,5.0,42.0,34.0,190.0,5.59,1.0,0.0,0.0,0.0,0.0,D.Freeman
Chuba Hubbard,CAR,RB,17,0.0,0.0,0.0,0.0,0.0,172.0,612.0,3.56,5.0,37.0,25.0,174.0,6.96,1.0,1.0,1.0,0.0,0.0,C.Hubbard
K.J. Osborn,MIN,WR,17,0.0,0.0,0.0,0.0,0.0,1.0,10.0,10.0,0.0,82.0,50.0,655.0,13.1,7.0,0.0,0.0,0.0,0.0,K.Osborn
Saquon Barkley,NYG,RB,13,0.0,0.0,0.0,0.0,0.0,162.0,593.0,3.66,2.0,57.0,41.0,263.0,6.41,2.0,2.0,1.0,0.0,0.0,S.Barkley
Chase Claypool,PIT,WR,15,0.0,0.0,0.0,0.0,0.0,14.0,96.0,6.86,0.0,105.0,59.0,860.0,14.58,2.0,0.0,0.0,0.0,0.0,C.Claypool
Marvin Jones,JAX,WR,17,0.0,0.0,0.0,0.0,0.0,0.0,0.0,0.0,0.0,120.0,73.0,832.0,11.4,4.0,0.0,0.0,0.0,0.0,M.Jones
Marquez Callaway,NOR,WR,17,0.0,0.0,0.0,0.0,0.0,0.0,0.0,0.0,0.0,84.0,46.0,698.0,15.17,6.0,0.0,0.0,0.0,0.0,M.Callaway
DeAndre Hopkins,ARI,WR,10,0.0,0.0,0.0,0.0,0.0,0.0,0.0,0.0,0.0,64.0,42.0,572.0,13.62,8.0,0.0,0.0,0.0,0.0,D.Hopkins
Devontae Booker,NYG,RB,16,0.0,0.0,0.0,0.0,0.0,145.0,593.0,4.09,2.0,45.0,40.0,268.0,6.7,1.0,0.0,0.0,0.0,0.0,D.Booker
A.J. Green,ARI,WR,16,0.0,0.0,0.0,0.0,0.0,0.0,0.0,0.0,0.0,92.0,54.0,848.0,15.7,3.0,0.0,0.0,0.0,0.0,A.Green
Allen Lazard,GNB,WR,15,0.0,0.0,0.0,0.0,0.0,3.0,32.0,10.67,0.0,60.0,40.0,513.0,12.83,8.0,0.0,0.0,0.0,0.0,A.Lazard
Jakobi Meyers,NWE,WR,17,2.0,2.0,45.0,0.0,0.0,1.0,9.0,9.0,0.0,126.0,83.0,866.0,10.43,2.0,1.0,1.0,2.0,0.0,J.Meyers
Tim Patrick,DEN,WR,16,0.0,0.0,0.0,0.0,0.0,0.0,0.0,0.0,0.0,85.0,53.0,734.0,13.85,5.0,0.0,0.0,0.0,0.0,T.Patrick
Cedrick Wilson Jr.,DAL,WR,16,3.0,3.0,88.0,0.0,0.0,2.0,11.0,5.5,0.0,61.0,45.0,602.0,13.38,6.0,3.0,0.0,1.0,0.0,C.Wilson Jr.
Rhamondre Stevenson,NWE,RB,12,0.0,0.0,0.0,0.0,0.0,133.0,606.0,4.56,5.0,18.0,14.0,123.0,8.79,0.0,2.0,1.0,0.0,0.0,R.Stevenson
Chase Edmonds,ARI,RB,12,0.0,0.0,0.0,0.0,0.0,116.0,592.0,5.1,2.0,53.0,43.0,311.0,7.23,0.0,1.0,1.0,0.0,0.0,C.Edmonds
Clyde Edwards-Helaire,KAN,RB,10,0.0,0.0,0.0,0.0,0.0,119.0,517.0,4.34,4.0,23.0,19.0,129.0,6.79,2.0,2.0,2.0,1.0,0.0,C.Edwards-Helaire
Russell Gage,ATL,WR,14,0.0,0.0,0.0,0.0,0.0,0.0,0.0,0.0,0.0,94.0,66.0,770.0,11.67,4.0,2.0,2.0,0.0,0.0,R.Gage
Elijah Moore,NYJ,WR,11,0.0,0.0,0.0,0.0,0.0,5.0,54.0,10.8,1.0,77.0,43.0,538.0,12.51,5.0,0.0,0.0,0.0,0.0,E.Moore
Mike Davis,ATL,RB,17,0.0,0.0,0.0,0.0,0.0,138.0,503.0,3.64,3.0,58.0,44.0,259.0,5.89,1.0,4.0,3.0,0.0,0.0,M.Davis
Alexander Mattison,MIN,RB,16,0.0,0.0,0.0,0.0,0.0,134.0,491.0,3.66,3.0,39.0,32.0,228.0,7.13,1.0,1.0,1.0,0.0,0.0,A.Mattison
Latavius Murray,BAL,RB,14,0.0,0.0,0.0,0.0,0.0,119.0,501.0,4.21,6.0,13.0,10.0,75.0,7.5,0.0,0.0,0.0,0.0,0.0,L.Murray
Jamaal Williams,DET,RB,13,0.0,0.0,0.0,0.0,0.0,153.0,601.0,3.93,3.0,28.0,26.0,157.0,6.04,0.0,1.0,0.0,0.0,0.0,J.Williams
Pat Freiermuth,PIT,TE,16,0.0,0.0,0.0,0.0,0.0,0.0,0.0,0.0,0.0,79.0,60.0,497.0,8.28,7.0,1.0,1.0,1.0,0.0,P.Freiermuth
Courtland Sutton,DEN,WR,17,1.0,1.0,16.0,0.0,0.0,0.0,0.0,0.0,0.0,98.0,58.0,776.0,13.38,2.0,0.0,0.0,1.0,0.0,C.Sutton
Robert Woods,LAR,WR,9,0.0,0.0,0.0,0.0,0.0,8.0,46.0,5.75,1.0,69.0,45.0,556.0,12.36,4.0,0.0,0.0,1.0,0.0,R.Woods
Gabriel Davis,BUF,WR,16,0.0,0.0,0.0,0.0,0.0,0.0,0.0,0.0,0.0,63.0,35.0,549.0,15.69,6.0,0.0,0.0,0.0,0.0,G.Davis
Noah Fant,DEN,TE,16,0.0,0.0,0.0,0.0,0.0,0.0,0.0,0.0,0.0,90.0,68.0,670.0,9.85,4.0,0.0,0.0,0.0,0.0,N.Fant
Christian McCaffrey,CAR,RB,7,0.0,0.0,0.0,0.0,0.0,99.0,442.0,4.46,1.0,41.0,37.0,343.0,9.27,1.0,1.0,0.0,0.0,0.0,C.McCaffrey
Miles Sanders,PHI,RB,12,0.0,0.0,0.0,0.0,0.0,137.0,754.0,5.5,0.0,34.0,26.0,158.0,6.08,0.0,1.0,1.0,1.0,0.0,M.Sanders
Kenneth Gainwell,PHI,RB,16,0.0,0.0,0.0,0.0,0.0,68.0,291.0,4.28,5.0,50.0,33.0,253.0,7.67,1.0,2.0,1.0,1.0,0.0,K.Gainwell
Emmanuel Sanders,BUF,WR,14,0.0,0.0,0.0,0.0,0.0,2.0,31.0,15.5,0.0,72.0,42.0,626.0,14.9,4.0,0.0,0.0,0.0,0.0,E.Sanders
Trevor Siemian,NOR,QB,6,108.0,188.0,1154.0,11.0,3.0,9.0,20.0,2.22,1.0,0.0,0.0,0.0,0.0,0.0,3.0,1.0,0.0,0.0,T.Siemian
Kareem Hunt,CLE,RB,8,0.0,0.0,0.0,0.0,0.0,78.0,386.0,4.95,5.0,27.0,22.0,174.0,7.91,0.0,0.0,0.0,1.0,0.0,K.Hunt
Robby Anderson,CAR,WR,17,0.0,0.0,0.0,0.0,0.0,3.0,36.0,12.0,0.0,110.0,53.0,519.0,9.79,5.0,0.0,0.0,0.0,0.0,R.Anderson
Tyler Higbee,LAR,TE,15,0.0,0.0,0.0,0.0,0.0,0.0,0.0,0.0,0.0,85.0,61.0,560.0,9.18,5.0,1.0,0.0,0.0,0.0,T.Higbee
Cam Newton,CAR,QB,8,69.0,126.0,684.0,4.0,5.0,47.0,230.0,4.89,5.0,0.0,0.0,0.0,0.0,0.0,4.0,1.0,0.0,1.0,C.Newton
Boston Scott,PHI,RB,16,0.0,0.0,0.0,0.0,0.0,87.0,373.0,4.29,7.0,16.0,13.0,83.0,6.38,0.0,1.0,1.0,0.0,0.0,B.Scott
Odell Beckham Jr.,2TM,WR,14,0.0,0.0,0.0,0.0,0.0,2.0,14.0,7.0,0.0,82.0,44.0,537.0,12.2,5.0,0.0,0.0,0.0,0.0,O.Beckham Jr.
D'Onta Foreman,TEN,RB,9,0.0,0.0,0.0,0.0,0.0,133.0,566.0,4.26,3.0,11.0,9.0,123.0,13.67,0.0,2.0,1.0,0.0,0.0,D.Foreman
D'Ernest Johnson,CLE,RB,17,0.0,0.0,0.0,0.0,0.0,100.0,534.0,5.34,3.0,25.0,19.0,137.0,7.21,0.0,1.0,0.0,0.0,0.0,D.Johnson
J.D. McKissic,WAS,RB,11,0.0,0.0,0.0,0.0,0.0,48.0,212.0,4.42,2.0,53.0,43.0,397.0,9.23,2.0,0.0,0.0,0.0,0.0,J.McKissic
Byron Pringle,KAN,WR,17,0.0,0.0,0.0,0.0,0.0,0.0,0.0,0.0,0.0,60.0,42.0,568.0,13.52,5.0,2.0,1.0,0.0,0.0,B.Pringle
Jared Cook,LAC,TE,16,0.0,0.0,0.0,0.0,0.0,0.0,0.0,0.0,0.0,83.0,48.0,564.0,11.75,4.0,0.0,0.0,2.0,0.0,J.Cook
Andy Dalton,CHI,QB,8,149.0,236.0,1515.0,8.0,9.0,16.0,76.0,4.75,0.0,0.0,0.0,0.0,0.0,0.0,1.0,1.0,0.0,2.0,A.Dalton
T.J. Hockenson,DET,TE,12,0.0,0.0,0.0,0.0,0.0,0.0,0.0,0.0,0.0,84.0,61.0,583.0,9.56,4.0,0.0,0.0,1.0,0.0,T.Hockenson
Kalif Raymond,DET,WR,16,0.0,0.0,0.0,0.0,0.0,4.0,28.0,7.0,0.0,71.0,48.0,576.0,12.0,4.0,0.0,0.0,0.0,0.0,K.Raymond
Brandon Bolden,NWE,RB,17,0.0,0.0,0.0,0.0,0.0,44.0,226.0,5.14,1.0,49.0,41.0,405.0,9.88,2.0,1.0,0.0,1.0,0.0,B.Bolden
Tyler Huntley,BAL,QB,7,122.0,188.0,1081.0,3.0,4.0,47.0,294.0,6.26,2.0,0.0,0.0,0.0,0.0,0.0,4.0,3.0,0.0,0.0,T.Huntley
Ty Johnson,NYJ,RB,16,0.0,0.0,0.0,0.0,0.0,61.0,238.0,3.9,2.0,55.0,34.0,372.0,10.94,2.0,2.0,1.0,0.0,0.0,T.Johnson
Mecole Hardman,KAN,WR,17,0.0,0.0,0.0,0.0,0.0,8.0,46.0,5.75,0.0,83.0,59.0,693.0,11.75,2.0,3.0,2.0,0.0,0.0,M.Hardman
Mark Ingram,2TM,RB,14,0.0,0.0,0.0,0.0,0.0,160.0,554.0,3.46,2.0,35.0,27.0,162.0,6.0,0.0,1.0,1.0,0.0,0.0,M.Ingram
Zack Moss,BUF,RB,13,0.0,0.0,0.0,0.0,0.0,96.0,345.0,3.59,4.0,32.0,23.0,197.0,8.57,1.0,2.0,1.0,0.0,0.0,Z.Moss
Tyrod Taylor,HOU,QB,6,91.0,150.0,966.0,5.0,5.0,19.0,151.0,7.95,3.0,0.0,0.0,0.0,0.0,0.0,3.0,0.0,0.0,0.0,T.Taylor
Jarvis Landry,CLE,WR,12,0.0,0.0,0.0,0.0,0.0,6.0,40.0,6.67,2.0,87.0,52.0,570.0,10.96,2.0,3.0,2.0,0.0,0.0,J.Landry
Antonio Brown,TAM,WR,7,0.0,0.0,0.0,0.0,0.0,1.0,6.0,6.0,0.0,62.0,42.0,545.0,12.98,4.0,0.0,0.0,0.0,0.0,A.Brown
Rex Burkhead,HOU,RB,16,0.0,1.0,0.0,0.0,0.0,122.0,427.0,3.5,3.0,32.0,25.0,186.0,7.44,0.0,1.0,0.0,0.0,0.0,R.Burkhead
C.J. Uzomah,CIN,TE,16,0.0,0.0,0.0,0.0,0.0,0.0,0.0,0.0,0.0,63.0,49.0,493.0,10.06,5.0,0.0,0.0,0.0,0.0,C.Uzomah
Darren Waller,LVR,TE,11,0.0,0.0,0.0,0.0,0.0,0.0,0.0,0.0,0.0,93.0,55.0,665.0,12.09,2.0,0.0,0.0,0.0,0.0,D.Waller
Cole Beasley,BUF,WR,16,0.0,1.0,0.0,0.0,0.0,0.0,0.0,0.0,0.0,112.0,82.0,693.0,8.45,1.0,1.0,0.0,1.0,0.0,C.Beasley
Tyler Conklin,MIN,TE,17,0.0,0.0,0.0,0.0,0.0,0.0,0.0,0.0,0.0,87.0,61.0,593.0,9.72,3.0,1.0,0.0,0.0,0.0,T.Conklin
Deonte Harris,NOR,WR,13,0.0,0.0,0.0,0.0,0.0,5.0,41.0,8.2,0.0,59.0,36.0,570.0,15.83,3.0,2.0,1.0,0.0,0.0,D.Harris
Donovan Peoples-Jones,CLE,WR,14,0.0,0.0,0.0,0.0,0.0,0.0,0.0,0.0,0.0,58.0,34.0,597.0,17.56,3.0,2.0,1.0,0.0,0.0,D.Peoples-Jones
Braxton Berrios,NYJ,WR,16,0.0,0.0,0.0,0.0,0.0,7.0,40.0,5.71,2.0,65.0,46.0,431.0,9.37,2.0,1.0,1.0,0.0,0.0,B.Berrios
Bryan Edwards,LVR,WR,16,0.0,0.0,0.0,0.0,0.0,1.0,0.0,0.0,0.0,59.0,34.0,571.0,16.79,3.0,1.0,0.0,0.0,0.0,B.Edwards
Kenyan Drake,LVR,RB,12,0.0,0.0,0.0,0.0,0.0,63.0,254.0,4.03,2.0,40.0,30.0,291.0,9.7,1.0,1.0,0.0,0.0,0.0,K.Drake
Nyheim Hines,IND,RB,17,0.0,0.0,0.0,0.0,0.0,56.0,276.0,4.93,2.0,57.0,40.0,310.0,7.75,1.0,3.0,2.0,0.0,0.0,N.Hines
Quez Watkins,PHI,WR,17,0.0,0.0,0.0,0.0,0.0,1.0,3.0,3.0,0.0,62.0,43.0,647.0,15.05,1.0,0.0,0.0,1.0,0.0,Q.Watkins
Jacoby Brissett,MIA,QB,11,141.0,225.0,1283.0,5.0,4.0,19.0,70.0,3.68,1.0,0.0,0.0,0.0,0.0,0.0,6.0,3.0,0.0,1.0,J.Brissett
David Njoku,CLE,TE,16,0.0,0.0,0.0,0.0,0.0,1.0,1.0,1.0,0.0,53.0,36.0,475.0,13.19,4.0,0.0,0.0,0.0,0.0,D.Njoku
Corey Davis,NYJ,WR,9,0.0,0.0,0.0,0.0,0.0,0.0,0.0,0.0,0.0,59.0,34.0,492.0,14.47,4.0,2.0,1.0,0.0,0.0,C.Davis
Gerald Everett,SEA,TE,15,0.0,0.0,0.0,0.0,0.0,3.0,20.0,6.67,0.0,63.0,48.0,478.0,9.96,4.0,2.0,2.0,0.0,0.0,G.Everett
Nick Westbrook-Ikhine,TEN,WR,16,0.0,0.0,0.0,0.0,0.0,0.0,0.0,0.0,0.0,57.0,38.0,476.0,12.53,4.0,1.0,1.0,0.0,0.0,N.Westbrook-Ikhine
Ronald Jones II,TAM,RB,16,0.0,0.0,0.0,0.0,0.0,101.0,428.0,4.24,4.0,13.0,10.0,64.0,6.4,0.0,2.0,2.0,0.0,0.0,R.Jones II
Nelson Agholor,NWE,WR,15,0.0,0.0,0.0,0.0,0.0,3.0,11.0,3.67,0.0,64.0,37.0,473.0,12.78,3.0,0.0,0.0,0.0,0.0,N.Agholor
Randall Cobb,GNB,WR,12,0.0,0.0,0.0,0.0,0.0,1.0,1.0,1.0,0.0,39.0,28.0,375.0,13.39,5.0,1.0,1.0,0.0,0.0,R.Cobb
Jalen Guyton,LAC,WR,16,0.0,0.0,0.0,0.0,0.0,7.0,34.0,4.86,0.0,48.0,31.0,448.0,14.45,3.0,1.0,0.0,0.0,0.0,J.Guyton
Khalil Herbert,CHI,RB,17,0.0,0.0,0.0,0.0,0.0,103.0,433.0,4.2,2.0,16.0,14.0,96.0,6.86,0.0,1.0,0.0,0.0,0.0,K.Herbert
Trey Lance,SFO,QB,6,41.0,71.0,603.0,5.0,2.0,38.0,168.0,4.42,1.0,0.0,0.0,0.0,0.0,0.0,0.0,0.0,1.0,0.0,T.Lance
Justin Jackson,LAC,RB,14,0.0,0.0,0.0,0.0,0.0,68.0,364.0,5.35,2.0,25.0,22.0,178.0,8.09,0.0,1.0,1.0,0.0,0.0,J.Jackson
DeVante Parker,MIA,WR,10,0.0,0.0,0.0,0.0,0.0,0.0,0.0,0.0,0.0,73.0,40.0,515.0,12.88,2.0,0.0,0.0,0.0,0.0,D.Parker
Laviska Shenault Jr.,JAX,WR,16,0.0,0.0,0.0,0.0,0.0,11.0,41.0,3.73,0.0,100.0,63.0,619.0,9.83,0.0,1.0,1.0,0.0,0.0,L.Shenault Jr.
DeAndre Carter,WAS,WR,17,0.0,0.0,0.0,0.0,0.0,10.0,89.0,8.9,0.0,44.0,24.0,296.0,12.33,3.0,3.0,0.0,0.0,0.0,D.Carter
Freddie Swain,SEA,WR,17,0.0,0.0,0.0,0.0,0.0,5.0,32.0,6.4,0.0,40.0,25.0,343.0,13.72,4.0,1.0,0.0,0.0,0.0,F.Swain
Jordan Howard,PHI,RB,7,0.0,0.0,0.0,0.0,0.0,86.0,406.0,4.72,3.0,5.0,2.0,19.0,9.5,0.0,0.0,0.0,0.0,0.0,J.Howard
Cole Kmet,CHI,TE,17,0.0,0.0,0.0,0.0,0.0,1.0,0.0,0.0,0.0,93.0,60.0,612.0,10.2,0.0,0.0,0.0,0.0,0.0,C.Kmet
Henry Ruggs III,LVR,WR,7,0.0,0.0,0.0,0.0,0.0,3.0,16.0,5.33,0.0,36.0,24.0,469.0,19.54,2.0,0.0,0.0,0.0,0.0,H.Ruggs III
Marquez Valdes-Scantling,GNB,WR,11,0.0,0.0,0.0,0.0,0.0,0.0,0.0,0.0,0.0,55.0,26.0,430.0,16.54,3.0,0.0,0.0,0.0,0.0,M.Valdes-Scantling
Alex Collins,SEA,RB,11,0.0,0.0,0.0,0.0,0.0,108.0,411.0,3.81,2.0,10.0,9.0,87.0,9.67,0.0,1.0,1.0,0.0,0.0,A.Collins
Josh Palmer,LAC,WR,17,0.0,0.0,0.0,0.0,0.0,1.0,6.0,6.0,0.0,49.0,33.0,353.0,10.7,4.0,0.0,0.0,0.0,0.0,J.Palmer
Jamison Crowder,NYJ,WR,12,0.0,0.0,0.0,0.0,0.0,0.0,0.0,0.0,0.0,71.0,51.0,447.0,8.76,2.0,1.0,1.0,1.0,1.0,J.Crowder
Zay Jones,LVR,WR,17,0.0,0.0,0.0,0.0,0.0,2.0,3.0,1.5,0.0,70.0,47.0,546.0,11.62,1.0,1.0,1.0,0.0,0.0,Z.Jones
Olamide Zaccheaus,ATL,WR,17,0.0,0.0,0.0,0.0,0.0,1.0,2.0,2.0,0.0,53.0,31.0,406.0,13.1,3.0,0.0,0.0,0.0,0.0,O.Zaccheaus
Rashod Bateman,BAL,WR,12,0.0,0.0,0.0,0.0,0.0,0.0,0.0,0.0,0.0,68.0,46.0,515.0,11.2,1.0,0.0,0.0,0.0,0.0,R.Bateman
Jauan Jennings,SFO,WR,16,0.0,0.0,0.0,0.0,0.0,0.0,0.0,0.0,0.0,38.0,24.0,282.0,11.75,5.0,1.0,0.0,0.0,0.0,J.Jennings
Evan Engram,NYG,TE,15,0.0,0.0,0.0,0.0,0.0,1.0,-3.0,-3.0,0.0,73.0,46.0,408.0,8.87,3.0,1.0,1.0,0.0,0.0,E.Engram
Michael Gallup,DAL,WR,9,0.0,0.0,0.0,0.0,0.0,0.0,0.0,0.0,0.0,62.0,35.0,445.0,12.71,2.0,0.0,0.0,0.0,0.0,M.Gallup
Zach Pascal,IND,WR,16,0.0,0.0,0.0,0.0,0.0,2.0,21.0,10.5,0.0,69.0,38.0,384.0,10.11,3.0,1.0,1.0,0.0,0.0,Z.Pascal
Mo Alie-Cox,IND,TE,17,0.0,0.0,0.0,0.0,0.0,0.0,0.0,0.0,0.0,45.0,24.0,316.0,13.17,4.0,1.0,0.0,0.0,0.0,M.Alie-Cox
DeSean Jackson,2TM,WR,16,0.0,0.0,0.0,0.0,0.0,1.0,4.0,4.0,0.0,34.0,20.0,454.0,22.7,2.0,1.0,1.0,0.0,0.0,D.Jackson
Samaje Perine,CIN,RB,16,0.0,0.0,0.0,0.0,0.0,55.0,246.0,4.47,1.0,31.0,27.0,196.0,7.26,1.0,0.0,0.0,0.0,0.0,S.Perine
Tre'Quan Smith,NOR,WR,11,0.0,0.0,0.0,0.0,0.0,0.0,0.0,0.0,0.0,50.0,32.0,377.0,11.78,3.0,1.0,0.0,0.0,0.0,T.Smith
Austin Hooper,CLE,TE,16,0.0,0.0,0.0,0.0,0.0,0.0,0.0,0.0,0.0,61.0,38.0,345.0,9.08,3.0,0.0,0.0,1.0,0.0,A.Hooper
Duke Johnson,MIA,RB,5,0.0,0.0,0.0,0.0,0.0,71.0,330.0,4.65,3.0,5.0,4.0,41.0,10.25,0.0,0.0,0.0,0.0,0.0,D.Johnson
Rondale Moore,ARI,WR,14,0.0,0.0,0.0,0.0,0.0,18.0,76.0,4.22,0.0,64.0,54.0,435.0,8.06,1.0,3.0,1.0,0.0,0.0,R.Moore
Foster Moreau,LVR,TE,17,0.0,0.0,0.0,0.0,0.0,0.0,0.0,0.0,0.0,44.0,30.0,373.0,12.43,3.0,1.0,0.0,0.0,0.0,F.Moreau
Dontrell Hilliard,TEN,RB,8,0.0,0.0,0.0,0.0,0.0,56.0,350.0,6.25,2.0,26.0,19.0,87.0,4.58,0.0,2.0,1.0,0.0,0.0,D.Hilliard
Geno Smith,SEA,QB,4,65.0,95.0,702.0,5.0,1.0,9.0,42.0,4.67,1.0,0.0,0.0,0.0,0.0,0.0,1.0,1.0,0.0,0.0,G.Smith
Ameer Abdullah,2TM,RB,17,0.0,0.0,0.0,0.0,0.0,51.0,166.0,3.25,0.0,53.0,38.0,289.0,7.61,1.0,0.0,0.0,0.0,0.0,A.Abdullah
Jamal Agnew,JAX,WR,10,0.0,0.0,0.0,0.0,0.0,7.0,111.0,15.86,1.0,39.0,24.0,229.0,9.54,1.0,1.0,0.0,0.0,0.0,J.Agnew
Kenny Golladay,NYG,WR,14,0.0,0.0,0.0,0.0,0.0,0.0,0.0,0.0,0.0,76.0,37.0,521.0,14.08,0.0,0.0,0.0,0.0,0.0,K.Golladay
Josh Reynolds,2TM,WR,12,0.0,0.0,0.0,0.0,0.0,0.0,0.0,0.0,0.0,49.0,29.0,396.0,13.66,2.0,0.0,0.0,0.0,0.0,J.Reynolds
Keelan Cole,NYJ,WR,15,0.0,1.0,0.0,0.0,0.0,0.0,0.0,0.0,0.0,51.0,28.0,449.0,16.04,1.0,0.0,0.0,0.0,0.0,K.Cole
Nico Collins,HOU,WR,14,0.0,0.0,0.0,0.0,0.0,0.0,0.0,0.0,0.0,60.0,33.0,446.0,13.52,1.0,0.0,0.0,0.0,0.0,N.Collins
T.Y. Hilton,IND,WR,10,0.0,0.0,0.0,0.0,0.0,0.0,0.0,0.0,0.0,37.0,23.0,331.0,14.39,3.0,0.0,0.0,0.0,0.0,T.Hilton
Drew Lock,DEN,QB,6,67.0,111.0,787.0,2.0,2.0,10.0,53.0,5.3,2.0,1.0,1.0,1.0,1.0,0.0,2.0,1.0,0.0,0.0,D.Lock
Jack Doyle,IND,TE,17,0.0,0.0,0.0,0.0,0.0,0.0,0.0,0.0,0.0,43.0,29.0,302.0,10.41,3.0,0.0,0.0,1.0,0.0,J.Doyle
Devin Duvernay,BAL,WR,16,0.0,0.0,0.0,0.0,0.0,7.0,50.0,7.14,0.0,47.0,33.0,272.0,8.24,2.0,1.0,0.0,0.0,0.0,D.Duvernay
Cameron Brate,TAM,TE,17,0.0,0.0,0.0,0.0,0.0,0.0,0.0,0.0,0.0,57.0,30.0,245.0,8.17,4.0,0.0,0.0,0.0,0.0,C.Brate
David Johnson,HOU,RB,13,0.0,0.0,0.0,0.0,0.0,67.0,228.0,3.4,0.0,42.0,32.0,225.0,7.03,1.0,1.0,1.0,0.0,0.0,D.Johnson
Julio Jones,TEN,WR,10,0.0,0.0,0.0,0.0,0.0,0.0,0.0,0.0,0.0,48.0,31.0,434.0,14.0,1.0,0.0,0.0,0.0,0.0,J.Jones
Allen Robinson,CHI,WR,12,0.0,0.0,0.0,0.0,0.0,0.0,0.0,0.0,0.0,66.0,38.0,410.0,10.79,1.0,0.0,0.0,1.0,0.0,A.Robinson
Laquon Treadwell,JAX,WR,12,0.0,0.0,0.0,0.0,0.0,0.0,0.0,0.0,0.0,51.0,33.0,434.0,13.15,1.0,0.0,0.0,0.0,0.0,L.Treadwell
Derrick Gore,KAN,RB,11,0.0,0.0,0.0,0.0,0.0,51.0,256.0,5.02,2.0,9.0,8.0,105.0,13.13,0.0,0.0,0.0,0.0,0.0,D.Gore
Jerry Jeudy,DEN,WR,10,0.0,0.0,0.0,0.0,0.0,2.0,3.0,1.5,0.0,56.0,38.0,467.0,12.29,0.0,1.0,0.0,0.0,0.0,J.Jeudy
Mack Hollins,MIA,WR,17,0.0,0.0,0.0,0.0,0.0,0.0,0.0,0.0,0.0,28.0,14.0,223.0,15.93,4.0,0.0,0.0,0.0,0.0,M.Hollins
Travis Homer,SEA,RB,14,0.0,0.0,0.0,0.0,0.0,21.0,177.0,8.43,1.0,20.0,16.0,161.0,10.06,0.0,0.0,0.0,0.0,0.0,T.Homer
Josh Johnson,2TM,QB,4,57.0,85.0,638.0,5.0,2.0,9.0,28.0,3.11,0.0,0.0,0.0,0.0,0.0,0.0,2.0,0.0,1.0,0.0,J.Johnson
Jeremy McNichols,TEN,RB,14,0.0,0.0,0.0,0.0,0.0,41.0,156.0,3.8,0.0,38.0,28.0,240.0,8.57,1.0,0.0,0.0,0.0,0.0,J.McNichols
Jaret Patterson,WAS,RB,17,0.0,0.0,0.0,0.0,0.0,68.0,266.0,3.91,2.0,11.0,10.0,73.0,7.3,0.0,1.0,0.0,0.0,0.0,J.Patterson
Danny Amendola,HOU,WR,8,0.0,1.0,0.0,0.0,0.0,0.0,0.0,0.0,0.0,38.0,24.0,248.0,10.33,3.0,1.0,0.0,1.0,0.0,D.Amendola
Anthony Firkser,TEN,TE,15,0.0,0.0,0.0,0.0,0.0,0.0,0.0,0.0,0.0,43.0,34.0,291.0,8.56,2.0,2.0,1.0,0.0,0.0,A.Firkser
Jalen Reagor,PHI,WR,17,0.0,0.0,0.0,0.0,0.0,10.0,32.0,3.2,0.0,57.0,33.0,299.0,9.06,2.0,2.0,0.0,0.0,0.0,J.Reagor
Damien Williams,CHI,RB,12,0.0,0.0,0.0,0.0,0.0,40.0,164.0,4.1,2.0,23.0,16.0,103.0,6.44,1.0,0.0,0.0,0.0,0.0,D.Williams
Jeff Wilson,SFO,RB,9,0.0,0.0,0.0,0.0,0.0,79.0,294.0,3.72,2.0,8.0,7.0,31.0,4.43,0.0,1.0,0.0,0.0,0.0,J.Wilson
Kyle Juszczyk,SFO,RB,17,0.0,0.0,0.0,0.0,0.0,8.0,22.0,2.75,1.0,38.0,30.0,296.0,9.87,1.0,0.0,0.0,0.0,0.0,K.Juszczyk
Demarcus Robinson,KAN,WR,17,0.0,0.0,0.0,0.0,0.0,0.0,0.0,0.0,0.0,41.0,25.0,264.0,10.56,3.0,0.0,0.0,0.0,0.0,D.Robinson
Mike White,NYJ,QB,4,88.0,132.0,953.0,5.0,8.0,5.0,-1.0,-0.2,0.0,0.0,0.0,0.0,0.0,0.0,0.0,0.0,1.0,0.0,M.White
Chris Conley,HOU,WR,16,0.0,0.0,0.0,0.0,0.0,1.0,3.0,3.0,0.0,37.0,22.0,323.0,14.68,2.0,1.0,1.0,0.0,0.0,C.Conley
Albert Okwuegbunam,DEN,TE,14,0.0,0.0,0.0,0.0,0.0,0.0,0.0,0.0,0.0,40.0,33.0,330.0,10.0,2.0,1.0,1.0,0.0,0.0,A.Okwuegbunam
Darius Slayton,NYG,WR,13,0.0,0.0,0.0,0.0,0.0,1.0,-13.0,-13.0,0.0,58.0,26.0,339.0,13.04,2.0,1.0,1.0,0.0,0.0,D.Slayton
Kadarius Toney,NYG,WR,10,1.0,3.0,19.0,0.0,0.0,3.0,6.0,2.0,0.0,57.0,39.0,420.0,10.77,0.0,0.0,0.0,0.0,0.0,K.Toney
Sammy Watkins,BAL,WR,13,0.0,0.0,0.0,0.0,0.0,0.0,0.0,0.0,0.0,49.0,27.0,394.0,14.59,1.0,1.0,1.0,0.0,0.0,S.Watkins
Chris Carson,SEA,RB,4,0.0,0.0,0.0,0.0,0.0,54.0,232.0,4.3,3.0,6.0,6.0,29.0,4.83,0.0,1.0,1.0,0.0,0.0,C.Carson
Sterling Shepard,NYG,WR,7,0.0,0.0,0.0,0.0,0.0,1.0,-9.0,-9.0,0.0,53.0,36.0,366.0,10.17,1.0,0.0,0.0,0.0,0.0,S.Shepard
James Washington,PIT,WR,15,0.0,0.0,0.0,0.0,0.0,2.0,13.0,6.5,0.0,44.0,24.0,285.0,11.88,2.0,0.0,0.0,0.0,0.0,J.Washington
Dan Arnold,2TM,TE,11,0.0,0.0,0.0,0.0,0.0,0.0,0.0,0.0,0.0,52.0,35.0,408.0,11.66,0.0,1.0,1.0,1.0,0.0,D.Arnold
Harrison Bryant,CLE,TE,16,0.0,0.0,0.0,0.0,0.0,0.0,0.0,0.0,0.0,28.0,21.0,233.0,11.1,3.0,0.0,0.0,0.0,0.0,H.Bryant
Tevin Coleman,NYJ,RB,11,0.0,0.0,0.0,0.0,0.0,84.0,356.0,4.24,0.0,16.0,11.0,49.0,4.45,0.0,0.0,0.0,0.0,0.0,T.Coleman
Phillip Lindsay,2TM,RB,14,0.0,0.0,0.0,0.0,0.0,88.0,249.0,2.83,1.0,5.0,4.0,45.0,11.25,1.0,0.0,0.0,0.0,0.0,P.Lindsay
Colt McCoy,ARI,QB,8,74.0,99.0,740.0,3.0,1.0,22.0,37.0,1.68,0.0,0.0,0.0,0.0,0.0,0.0,4.0,1.0,0.0,0.0,C.McCoy
Peyton Barber,LVR,RB,10,0.0,0.0,0.0,0.0,0.0,55.0,212.0,3.85,2.0,13.0,10.0,67.0,6.7,0.0,2.0,0.0,0.0,0.0,P.Barber
Juwan Johnson,NOR,TE,14,0.0,0.0,0.0,0.0,0.0,0.0,0.0,0.0,0.0,22.0,13.0,159.0,12.23,4.0,0.0,0.0,0.0,0.0,J.Johnson
Calvin Ridley,ATL,WR,5,0.0,0.0,0.0,0.0,0.0,0.0,0.0,0.0,0.0,52.0,31.0,281.0,9.06,2.0,0.0,0.0,0.0,0.0,C.Ridley
Damiere Byrd,CHI,WR,17,0.0,0.0,0.0,0.0,0.0,0.0,0.0,0.0,0.0,38.0,26.0,329.0,12.65,1.0,1.0,1.0,1.0,0.0,D.Byrd
DeeJay Dallas,SEA,RB,17,0.0,0.0,0.0,0.0,0.0,33.0,138.0,4.18,2.0,23.0,21.0,133.0,6.33,0.0,1.0,0.0,0.0,0.0,D.Dallas
Ashton Dulin,IND,WR,17,0.0,0.0,0.0,0.0,0.0,3.0,32.0,10.67,0.0,22.0,13.0,173.0,13.31,2.0,0.0,0.0,0.0,0.0,A.Dulin
Donald Parham,LAC,TE,14,0.0,0.0,0.0,0.0,0.0,0.0,0.0,0.0,0.0,27.0,20.0,190.0,9.5,3.0,0.0,0.0,1.0,0.0,D.Parham
Ricky Seals-Jones,WAS,TE,13,0.0,0.0,0.0,0.0,0.0,0.0,0.0,0.0,0.0,49.0,30.0,271.0,9.03,2.0,0.0,0.0,0.0,0.0,R.Seals-Jones
Jonnu Smith,NWE,TE,16,0.0,0.0,0.0,0.0,0.0,9.0,40.0,4.44,0.0,45.0,28.0,294.0,10.5,1.0,1.0,0.0,0.0,0.0,J.Smith
Geoff Swaim,TEN,TE,16,0.0,0.0,0.0,0.0,0.0,0.0,0.0,0.0,0.0,40.0,31.0,210.0,6.77,3.0,0.0,0.0,0.0,0.0,G.Swaim
Antoine Wesley,ARI,WR,15,0.0,0.0,0.0,0.0,0.0,0.0,0.0,0.0,0.0,32.0,19.0,208.0,10.95,3.0,0.0,0.0,0.0,0.0,A.Wesley
Ryan Griffin,NYJ,TE,14,0.0,0.0,0.0,0.0,0.0,0.0,0.0,0.0,0.0,42.0,27.0,261.0,9.67,2.0,1.0,0.0,0.0,0.0,R.Griffin
Adam Humphries,WAS,WR,17,0.0,0.0,0.0,0.0,0.0,0.0,0.0,0.0,0.0,62.0,41.0,383.0,9.34,0.0,0.0,0.0,0.0,0.0,A.Humphries
Hayden Hurst,ATL,TE,13,0.0,0.0,0.0,0.0,0.0,0.0,0.0,0.0,0.0,31.0,26.0,221.0,8.5,3.0,3.0,1.0,0.0,0.0,H.Hurst
Josiah Deguara,GNB,TE,16,0.0,0.0,0.0,0.0,0.0,0.0,0.0,0.0,0.0,33.0,25.0,245.0,9.8,2.0,0.0,0.0,0.0,0.0,J.Deguara
Marquise Goodwin,CHI,WR,14,0.0,0.0,0.0,0.0,0.0,2.0,-1.0,-0.5,0.0,40.0,20.0,313.0,15.65,1.0,1.0,0.0,0.0,0.0,M.Goodwin
Jimmy Graham,CHI,TE,15,0.0,0.0,0.0,0.0,0.0,0.0,0.0,0.0,0.0,23.0,14.0,167.0,11.93,3.0,0.0,0.0,1.0,0.0,J.Graham
Lil'Jordan Humphrey,NOR,WR,10,0.0,0.0,0.0,0.0,0.0,0.0,0.0,0.0,0.0,18.0,13.0,249.0,19.15,2.0,0.0,0.0,0.0,0.0,L.Humphrey
Dare Ogunbowale,JAX,RB,17,0.0,0.0,0.0,0.0,0.0,43.0,137.0,3.19,1.0,21.0,13.0,114.0,8.77,1.0,0.0,0.0,0.0,0.0,D.Ogunbowale
Giovani Bernard,TAM,RB,12,0.0,0.0,0.0,0.0,0.0,8.0,58.0,7.25,0.0,29.0,23.0,123.0,5.35,3.0,1.0,0.0,0.0,0.0,G.Bernard
Matt Breida,BUF,RB,9,0.0,0.0,0.0,0.0,0.0,26.0,125.0,4.81,1.0,9.0,7.0,72.0,10.29,2.0,1.0,1.0,0.0,0.0,M.Breida
Tyler Johnson,TAM,WR,17,0.0,0.0,0.0,0.0,0.0,0.0,0.0,0.0,0.0,55.0,36.0,360.0,10.0,0.0,0.0,0.0,0.0,0.0,T.Johnson
Brevin Jordan,HOU,TE,9,0.0,0.0,0.0,0.0,0.0,0.0,0.0,0.0,0.0,28.0,20.0,178.0,8.9,3.0,0.0,0.0,0.0,0.0,B.Jordan
Durham Smythe,MIA,TE,17,0.0,0.0,0.0,0.0,0.0,2.0,3.0,1.5,0.0,41.0,34.0,357.0,10.5,0.0,0.0,0.0,0.0,0.0,D.Smythe
Logan Thomas,WAS,TE,6,0.0,0.0,0.0,0.0,0.0,0.0,0.0,0.0,0.0,25.0,18.0,196.0,10.89,3.0,1.0,1.0,0.0,0.0,L.Thomas
Adam Trautman,NOR,TE,13,0.0,0.0,0.0,0.0,0.0,0.0,0.0,0.0,0.0,43.0,27.0,263.0,9.74,2.0,1.0,1.0,0.0,0.0,A.Trautman
Chris Evans,CIN,RB,14,0.0,0.0,0.0,0.0,0.0,17.0,77.0,4.53,0.0,17.0,15.0,151.0,10.07,2.0,0.0,0.0,0.0,0.0,C.Evans
Cyril Grayson,TAM,WR,5,0.0,0.0,0.0,0.0,0.0,1.0,14.0,14.0,0.0,12.0,10.0,212.0,21.2,2.0,0.0,0.0,0.0,0.0,C.Grayson
Chris Moore,HOU,WR,12,0.0,0.0,0.0,0.0,0.0,0.0,0.0,0.0,0.0,22.0,21.0,227.0,10.81,2.0,0.0,0.0,0.0,0.0,C.Moore
MyCole Pruitt,TEN,TE,16,0.0,0.0,0.0,0.0,0.0,0.0,0.0,0.0,0.0,18.0,14.0,145.0,10.36,3.0,0.0,0.0,1.0,0.0,M.Pruitt
Chester Rogers,TEN,WR,16,0.0,0.0,0.0,0.0,0.0,1.0,9.0,9.0,0.0,43.0,30.0,301.0,10.03,1.0,4.0,1.0,0.0,0.0,C.Rogers
Quintez Cephus,DET,WR,5,0.0,0.0,0.0,0.0,0.0,0.0,0.0,0.0,0.0,22.0,15.0,204.0,13.6,2.0,0.0,0.0,1.0,0.0,Q.Cephus
Rashard Higgins,CLE,WR,15,0.0,0.0,0.0,0.0,0.0,0.0,0.0,0.0,0.0,47.0,24.0,275.0,11.46,1.0,0.0,0.0,0.0,0.0,R.Higgins
Carlos Hyde,JAX,RB,12,0.0,0.0,0.0,0.0,0.0,72.0,253.0,3.51,1.0,21.0,12.0,65.0,5.42,0.0,2.0,2.0,0.0,0.0,C.Hyde
Gardner Minshew II,PHI,QB,4,41.0,60.0,439.0,4.0,1.0,9.0,21.0,2.33,0.0,0.0,0.0,0.0,0.0,0.0,1.0,0.0,0.0,0.0,G.Minshew II
Kyle Rudolph,NYG,TE,16,0.0,0.0,0.0,0.0,0.0,0.0,0.0,0.0,0.0,39.0,26.0,257.0,9.88,1.0,0.0,0.0,1.0,0.0,K.Rudolph
Cam Sims,WAS,WR,14,0.0,0.0,0.0,0.0,0.0,1.0,7.0,7.0,0.0,23.0,15.0,211.0,14.07,2.0,0.0,0.0,0.0,0.0,C.Sims
Le'Veon Bell,2TM,RB,8,0.0,0.0,0.0,0.0,0.0,39.0,101.0,2.59,2.0,7.0,5.0,30.0,6.0,1.0,0.0,0.0,1.0,0.0,L.Bell
Demetric Felton,CLE,RB,16,0.0,0.0,0.0,0.0,0.0,7.0,24.0,3.43,0.0,21.0,18.0,181.0,10.06,2.0,4.0,0.0,0.0,0.0,D.Felton
Isaiah McKenzie,BUF,WR,15,0.0,0.0,0.0,0.0,0.0,9.0,47.0,5.22,1.0,26.0,20.0,178.0,8.9,1.0,2.0,1.0,0.0,0.0,I.McKenzie
Tommy Tremble,CAR,TE,16,0.0,0.0,0.0,0.0,0.0,3.0,11.0,3.67,1.0,35.0,20.0,180.0,9.0,1.0,0.0,0.0,1.0,0.0,T.Tremble
Malik Turner,DAL,WR,14,0.0,0.0,0.0,0.0,0.0,0.0,0.0,0.0,0.0,16.0,12.0,149.0,12.42,3.0,0.0,0.0,0.0,0.0,M.Turner
Ke'Shawn Vaughn,TAM,RB,12,0.0,0.0,0.0,0.0,0.0,36.0,180.0,5.0,2.0,8.0,4.0,26.0,6.5,0.0,0.0,0.0,0.0,0.0,K.Vaughn
Ty'Son Williams,BAL,RB,13,0.0,0.0,0.0,0.0,0.0,35.0,185.0,5.29,1.0,12.0,9.0,84.0,9.33,0.0,1.0,0.0,0.0,0.0,T.Williams
Robert Tonyan,GNB,TE,8,0.0,0.0,0.0,0.0,0.0,0.0,0.0,0.0,0.0,29.0,18.0,204.0,11.33,2.0,0.0,0.0,0.0,0.0,R.Tonyan
John Bates,WAS,TE,17,0.0,0.0,0.0,0.0,0.0,0.0,0.0,0.0,0.0,25.0,20.0,249.0,12.45,1.0,1.0,0.0,0.0,0.0,J.Bates
Mike Glennon,NYG,QB,6,90.0,167.0,790.0,4.0,10.0,7.0,33.0,4.71,1.0,0.0,0.0,0.0,0.0,0.0,6.0,3.0,0.0,0.0,M.Glennon
Brandon Zylstra,CAR,WR,13,0.0,1.0,0.0,0.0,0.0,0.0,0.0,0.0,0.0,25.0,18.0,250.0,13.89,1.0,0.0,0.0,0.0,0.0,B.Zylstra
John Ross,NYG,WR,10,0.0,0.0,0.0,0.0,0.0,1.0,16.0,16.0,0.0,20.0,11.0,224.0,20.36,1.0,1.0,0.0,0.0,0.0,J.Ross
Will Dissly,SEA,TE,15,0.0,0.0,0.0,0.0,0.0,0.0,0.0,0.0,0.0,26.0,21.0,231.0,11.0,1.0,1.0,0.0,0.0,0.0,W.Dissly
Jakeem Grant,2TM,WR,15,0.0,0.0,0.0,0.0,0.0,5.0,33.0,6.6,0.0,17.0,11.0,132.0,12.0,2.0,3.0,3.0,0.0,0.0,J.Grant
Case Keenum,CLE,QB,7,47.0,72.0,462.0,3.0,1.0,12.0,22.0,1.83,0.0,0.0,0.0,0.0,0.0,0.0,1.0,1.0,0.0,0.0,C.Keenum
Isaiah Ford,MIA,WR,13,0.0,0.0,0.0,0.0,0.0,0.0,0.0,0.0,0.0,17.0,12.0,161.0,13.42,2.0,0.0,0.0,0.0,0.0,I.Ford
Craig Reynolds,DET,RB,5,0.0,0.0,0.0,0.0,0.0,55.0,230.0,4.18,0.0,8.0,7.0,52.0,7.43,0.0,0.0,0.0,0.0,0.0,C.Reynolds
Greg Ward,PHI,WR,17,1.0,2.0,2.0,0.0,0.0,0.0,0.0,0.0,0.0,11.0,7.0,95.0,13.57,3.0,0.0,0.0,0.0,0.0,G.Ward
Salvon Ahmed,MIA,RB,12,0.0,0.0,0.0,0.0,0.0,54.0,149.0,2.76,0.0,19.0,12.0,117.0,9.75,0.0,0.0,0.0,0.0,0.0,S.Ahmed
Tavon Austin,JAX,WR,13,0.0,0.0,0.0,0.0,0.0,3.0,21.0,7.0,0.0,37.0,24.0,213.0,8.88,1.0,1.0,1.0,0.0,0.0,T.Austin
DJ Chark,JAX,WR,4,0.0,0.0,0.0,0.0,0.0,0.0,0.0,0.0,0.0,22.0,7.0,154.0,22.0,2.0,0.0,0.0,0.0,0.0,D.Chark
Jamycal Hasty,SFO,RB,11,0.0,0.0,0.0,0.0,0.0,16.0,68.0,4.25,1.0,29.0,23.0,157.0,6.83,0.0,2.0,1.0,0.0,0.0,J.Hasty
Ray-Ray McCloud,PIT,WR,16,0.0,0.0,0.0,0.0,0.0,2.0,15.0,7.5,0.0,66.0,39.0,277.0,7.1,0.0,4.0,1.0,0.0,0.0,R.McCloud
Elijhaa Penny,NYG,RB,17,0.0,0.0,0.0,0.0,0.0,24.0,99.0,4.13,1.0,13.0,9.0,30.0,3.33,1.0,0.0,0.0,1.0,0.0,E.Penny
James O'Shaughnessy,JAX,TE,7,0.0,0.0,0.0,0.0,0.0,0.0,0.0,0.0,0.0,34.0,24.0,244.0,10.17,0.0,0.0,0.0,1.0,0.0,J.O'Shaughnessy
Royce Freeman,2TM,RB,15,0.0,0.0,0.0,0.0,0.0,56.0,169.0,3.02,0.0,16.0,10.0,77.0,7.7,0.0,0.0,0.0,0.0,0.0,R.Freeman
Trey Sermon,SFO,RB,9,0.0,0.0,0.0,0.0,0.0,41.0,167.0,4.07,1.0,4.0,3.0,26.0,8.67,0.0,0.0,0.0,0.0,0.0,T.Sermon
Maxx Williams,ARI,TE,5,0.0,0.0,0.0,0.0,0.0,0.0,0.0,0.0,0.0,17.0,16.0,193.0,12.06,1.0,0.0,0.0,0.0,0.0,M.Williams
Tim Boyle,DET,QB,5,61.0,94.0,526.0,3.0,6.0,2.0,13.0,6.5,0.0,0.0,0.0,0.0,0.0,0.0,1.0,0.0,0.0,1.0,T.Boyle
Joe Flacco,NYJ,QB,2,27.0,42.0,338.0,3.0,0.0,2.0,3.0,1.5,0.0,0.0,0.0,0.0,0.0,0.0,1.0,1.0,0.0,0.0,J.Flacco
Kendall Hinton,DEN,WR,16,1.0,1.0,1.0,0.0,0.0,0.0,0.0,0.0,0.0,23.0,15.0,175.0,11.67,1.0,0.0,0.0,0.0,0.0,K.Hinton
Cooper Rush,DAL,QB,5,30.0,47.0,422.0,3.0,1.0,9.0,-8.0,-0.89,0.0,0.0,0.0,0.0,0.0,0.0,1.0,1.0,0.0,0.0,C.Rush
Ihmir Smith-Marsette,MIN,WR,8,0.0,0.0,0.0,0.0,0.0,0.0,0.0,0.0,0.0,6.0,5.0,116.0,23.2,2.0,0.0,0.0,0.0,0.0,I.Smith-Marsette
Brock Wright,DET,TE,10,0.0,0.0,0.0,0.0,0.0,0.0,0.0,0.0,0.0,17.0,12.0,117.0,9.75,2.0,0.0,0.0,0.0,0.0,B.Wright
Stephen Anderson,LAC,TE,17,0.0,0.0,0.0,0.0,0.0,0.0,0.0,0.0,0.0,19.0,16.0,165.0,10.31,1.0,0.0,0.0,0.0,0.0,S.Anderson
Corey Clement,DAL,RB,17,0.0,0.0,0.0,0.0,0.0,33.0,140.0,4.24,0.0,7.0,6.0,29.0,4.83,1.0,0.0,0.0,0.0,0.0,C.Clement
Tyler Kroft,NYJ,TE,9,0.0,0.0,0.0,0.0,0.0,0.0,0.0,0.0,0.0,25.0,16.0,173.0,10.81,1.0,0.0,0.0,0.0,0.0,T.Kroft
Jerick McKinnon,KAN,RB,13,0.0,0.0,0.0,0.0,0.0,12.0,62.0,5.17,0.0,20.0,13.0,107.0,8.23,1.0,0.0,0.0,0.0,0.0,J.McKinnon
Adrian Peterson,2TM,RB,4,0.0,0.0,0.0,0.0,0.0,38.0,98.0,2.58,2.0,4.0,4.0,8.0,2.0,0.0,1.0,0.0,0.0,0.0,A.Peterson
Anthony Schwartz,CLE,WR,14,0.0,0.0,0.0,0.0,0.0,6.0,39.0,6.5,0.0,23.0,10.0,135.0,13.5,1.0,0.0,0.0,0.0,0.0,A.Schwartz
Tajae Sharpe,ATL,WR,15,0.0,0.0,0.0,0.0,0.0,0.0,0.0,0.0,0.0,37.0,25.0,230.0,9.2,0.0,0.0,0.0,0.0,0.0,T.Sharpe
Albert Wilson,MIA,WR,14,0.0,1.0,0.0,0.0,0.0,4.0,17.0,4.25,0.0,39.0,25.0,213.0,8.52,0.0,0.0,0.0,0.0,0.0,A.Wilson
Eno Benjamin,ARI,RB,9,0.0,0.0,0.0,0.0,0.0,34.0,118.0,3.47,1.0,7.0,6.0,42.0,7.0,0.0,0.0,0.0,0.0,0.0,E.Benjamin
Parris Campbell,IND,WR,6,0.0,0.0,0.0,0.0,0.0,0.0,0.0,0.0,0.0,20.0,10.0,162.0,16.2,1.0,0.0,0.0,0.0,0.0,P.Campbell
Blake Jarwin,DAL,TE,8,0.0,0.0,0.0,0.0,0.0,0.0,0.0,0.0,0.0,17.0,11.0,96.0,8.73,2.0,0.0,0.0,0.0,0.0,B.Jarwin
Jermar Jefferson,DET,RB,7,0.0,0.0,0.0,0.0,0.0,15.0,74.0,4.93,2.0,5.0,4.0,23.0,5.75,0.0,0.0,0.0,0.0,0.0,J.Jefferson
Breshad Perriman,TAM,WR,6,0.0,0.0,0.0,0.0,0.0,1.0,-3.0,-3.0,0.0,18.0,11.0,167.0,15.18,1.0,0.0,0.0,0.0,0.0,B.Perriman
Eric Ebron,PIT,TE,8,0.0,0.0,0.0,0.0,0.0,1.0,1.0,1.0,1.0,18.0,12.0,84.0,7.0,1.0,0.0,0.0,0.0,0.0,E.Ebron
Marcedes Lewis,GNB,TE,17,0.0,0.0,0.0,0.0,0.0,0.0,0.0,0.0,0.0,28.0,23.0,214.0,9.3,0.0,1.0,0.0,0.0,0.0,M.Lewis
Jordan Love,GNB,QB,6,36.0,62.0,411.0,2.0,3.0,12.0,27.0,2.25,0.0,0.0,0.0,0.0,0.0,0.0,3.0,1.0,1.0,0.0,J.Love
Malcolm Brown,MIA,RB,7,0.0,0.0,0.0,0.0,0.0,33.0,125.0,3.79,1.0,5.0,3.0,10.0,3.33,0.0,0.0,0.0,0.0,0.0,M.Brown
O.J. Howard,TAM,TE,17,0.0,0.0,0.0,0.0,0.0,0.0,0.0,0.0,0.0,21.0,14.0,135.0,9.64,1.0,0.0,0.0,0.0,0.0,O.Howard
Godwin Igwebuike,DET,RB,17,0.0,0.0,0.0,0.0,0.0,18.0,118.0,6.56,1.0,10.0,7.0,60.0,8.57,0.0,2.0,2.0,0.0,0.0,G.Igwebuike
James Proche,BAL,WR,14,0.0,0.0,0.0,0.0,0.0,0.0,0.0,0.0,0.0,20.0,16.0,202.0,12.63,0.0,0.0,0.0,0.0,0.0,J.Proche
JuJu Smith-Schuster,PIT,WR,5,0.0,0.0,0.0,0.0,0.0,3.0,9.0,3.0,1.0,28.0,15.0,129.0,8.6,0.0,0.0,0.0,0.0,0.0,J.Smith-Schuster
Kene Nwangwu,MIN,RB,11,0.0,0.0,0.0,0.0,0.0,13.0,61.0,4.69,0.0,5.0,4.0,9.0,2.25,0.0,0.0,0.0,0.0,0.0,K.Nwangwu
Ian Thomas,CAR,TE,17,0.0,0.0,0.0,0.0,0.0,0.0,0.0,0.0,0.0,30.0,18.0,188.0,10.44,0.0,0.0,0.0,0.0,0.0,I.Thomas
Nick Vannett,NOR,TE,7,0.0,0.0,0.0,0.0,0.0,0.0,0.0,0.0,0.0,15.0,9.0,133.0,14.78,1.0,0.0,0.0,0.0,0.0,N.Vannett
James White,NWE,RB,3,0.0,0.0,0.0,0.0,0.0,10.0,38.0,3.8,1.0,14.0,12.0,94.0,7.83,0.0,0.0,0.0,0.0,0.0,J.White
Jordan Akins,HOU,TE,13,0.0,0.0,0.0,0.0,0.0,1.0,3.0,3.0,0.0,33.0,24.0,214.0,8.92,0.0,2.0,2.0,0.0,0.0,J.Akins
Noah Brown,DAL,WR,13,0.0,0.0,0.0,0.0,0.0,0.0,0.0,0.0,0.0,25.0,16.0,184.0,11.5,0.0,0.0,0.0,0.0,0.0,N.Brown
D'Wayne Eskridge,SEA,WR,10,0.0,0.0,0.0,0.0,0.0,4.0,59.0,14.75,0.0,20.0,10.0,64.0,6.4,1.0,0.0,0.0,0.0,0.0,D.Eskridge
KhaDarel Hodge,DET,WR,16,0.0,0.0,0.0,0.0,0.0,0.0,0.0,0.0,0.0,27.0,13.0,157.0,12.08,0.0,0.0,0.0,1.0,0.0,K.Hodge
Mason Rudolph,PIT,QB,2,35.0,58.0,277.0,1.0,1.0,5.0,53.0,10.6,0.0,0.0,0.0,0.0,0.0,0.0,1.0,0.0,0.0,0.0,M.Rudolph
Mohamed Sanu,SFO,WR,8,0.0,0.0,0.0,0.0,0.0,0.0,0.0,0.0,0.0,24.0,15.0,177.0,11.8,0.0,0.0,0.0,0.0,0.0,M.Sanu
Nick Foles,CHI,QB,1,24.0,35.0,250.0,1.0,0.0,4.0,8.0,2.0,0.0,0.0,0.0,0.0,0.0,0.0,1.0,0.0,0.0,1.0,N.Foles
Joe Fortson,KAN,TE,6,0.0,0.0,0.0,0.0,0.0,0.0,0.0,0.0,0.0,5.0,5.0,47.0,9.4,2.0,0.0,0.0,0.0,0.0,J.Fortson
Zach Gentry,PIT,TE,17,0.0,0.0,0.0,0.0,0.0,0.0,0.0,0.0,0.0,25.0,19.0,167.0,8.79,0.0,0.0,0.0,0.0,0.0,Z.Gentry
Tony Jones,NOR,RB,11,0.0,0.0,0.0,0.0,0.0,54.0,142.0,2.63,0.0,8.0,5.0,29.0,5.8,0.0,0.0,0.0,0.0,0.0,T.Jones
Austin Walter,NYJ,RB,4,0.0,0.0,0.0,0.0,0.0,26.0,101.0,3.88,1.0,3.0,2.0,9.0,4.5,0.0,0.0,0.0,0.0,0.0,A.Walter
Jonathan Williams,WAS,RB,5,0.0,0.0,0.0,0.0,0.0,17.0,79.0,4.65,1.0,6.0,4.0,28.0,7.0,0.0,0.0,0.0,0.0,0.0,J.Williams
Dyami Brown,WAS,WR,15,0.0,0.0,0.0,0.0,0.0,1.0,-4.0,-4.0,0.0,25.0,12.0,165.0,13.75,0.0,0.0,0.0,0.0,0.0,D.Brown
C.J. Ham,MIN,RB,17,0.0,0.0,0.0,0.0,0.0,7.0,34.0,4.86,0.0,18.0,17.0,125.0,7.35,0.0,0.0,0.0,0.0,0.0,C.Ham
N'Keal Harry,NWE,WR,12,0.0,0.0,0.0,0.0,0.0,0.0,0.0,0.0,0.0,22.0,12.0,184.0,15.33,0.0,1.0,1.0,0.0,0.0,N.Harry
Marcus Johnson,TEN,WR,7,0.0,0.0,0.0,0.0,0.0,2.0,-2.0,-1.0,0.0,19.0,9.0,160.0,17.78,0.0,0.0,0.0,0.0,0.0,M.Johnson
Terrace Marshall Jr.,CAR,WR,13,0.0,0.0,0.0,0.0,0.0,0.0,0.0,0.0,0.0,30.0,17.0,138.0,8.12,0.0,0.0,0.0,1.0,0.0,T.Marshall Jr.
Qadree Ollison,ATL,RB,8,0.0,0.0,0.0,0.0,0.0,21.0,105.0,5.0,1.0,6.0,4.0,12.0,3.0,0.0,1.0,1.0,0.0,0.0,Q.Ollison
Kristian Wilkerson,NWE,WR,3,0.0,0.0,0.0,0.0,0.0,0.0,0.0,0.0,0.0,8.0,4.0,42.0,10.5,2.0,0.0,0.0,0.0,0.0,K.Wilkerson
Pharaoh Brown,HOU,TE,15,0.0,0.0,0.0,0.0,0.0,0.0,0.0,0.0,0.0,34.0,23.0,171.0,7.43,0.0,1.0,1.0,0.0,0.0,P.Brown
Alec Ingold,LVR,RB,9,0.0,0.0,0.0,0.0,0.0,2.0,1.0,0.5,0.0,12.0,10.0,85.0,8.5,1.0,0.0,0.0,0.0,0.0,A.Ingold
Marcus Mariota,LVR,QB,10,1.0,2.0,4.0,0.0,0.0,13.0,87.0,6.69,1.0,0.0,0.0,0.0,0.0,0.0,1.0,0.0,0.0,0.0,M.Mariota
Dante Pettis,NYG,WR,3,1.0,1.0,16.0,0.0,0.0,0.0,0.0,0.0,0.0,16.0,10.0,87.0,8.7,1.0,1.0,0.0,0.0,0.0,D.Pettis
Larry Rountree,LAC,RB,12,0.0,0.0,0.0,0.0,0.0,36.0,87.0,2.42,1.0,2.0,1.0,-1.0,-1.0,0.0,0.0,0.0,0.0,0.0,L.Rountree
Trent Sherfield,SFO,WR,17,0.0,0.0,0.0,0.0,0.0,0.0,0.0,0.0,0.0,20.0,9.0,87.0,9.67,1.0,0.0,0.0,0.0,0.0,T.Sherfield
J.J. Taylor,NWE,RB,5,0.0,0.0,0.0,0.0,0.0,19.0,37.0,1.95,2.0,4.0,4.0,8.0,2.0,0.0,1.0,1.0,0.0,0.0,J.Taylor
Patrick Taylor,GNB,RB,9,0.0,0.0,0.0,0.0,0.0,23.0,89.0,3.87,1.0,2.0,2.0,3.0,1.5,0.0,0.0,0.0,0.0,0.0,P.Taylor
Brandon Allen,CIN,QB,6,17.0,34.0,149.0,2.0,0.0,7.0,-1.0,-0.14,0.0,0.0,0.0,0.0,0.0,0.0,1.0,0.0,0.0,0.0,B.Allen
Jesper Horsted,CHI,TE,7,0.0,0.0,0.0,0.0,0.0,0.0,0.0,0.0,0.0,3.0,2.0,21.0,10.5,2.0,0.0,0.0,0.0,0.0,J.Horsted
Scott Miller,TAM,WR,9,0.0,0.0,0.0,0.0,0.0,2.0,43.0,21.5,1.0,9.0,5.0,38.0,7.6,0.0,0.0,0.0,0.0,0.0,S.Miller
Ty Montgomery,NOR,WR,14,0.0,0.0,0.0,0.0,0.0,15.0,44.0,2.93,0.0,26.0,16.0,95.0,5.94,0.0,0.0,0.0,0.0,0.0,T.Montgomery
P.J. Walker,CAR,QB,5,36.0,66.0,362.0,1.0,3.0,7.0,13.0,1.86,0.0,0.0,0.0,0.0,0.0,0.0,3.0,1.0,0.0,1.0,P.Walker
Wayne Gallman,2TM,RB,8,0.0,0.0,0.0,0.0,0.0,28.0,104.0,3.71,0.0,3.0,1.0,21.0,21.0,0.0,0.0,0.0,0.0,0.0,W.Gallman
Chris Manhertz,JAX,TE,17,0.0,0.0,0.0,0.0,0.0,0.0,0.0,0.0,0.0,9.0,6.0,71.0,11.83,1.0,0.0,0.0,0.0,0.0,C.Manhertz
Sean Mannion,MIN,QB,1,22.0,36.0,189.0,1.0,0.0,2.0,14.0,7.0,0.0,0.0,0.0,0.0,0.0,0.0,0.0,0.0,0.0,0.0,S.Mannion
Denzel Mims,NYJ,WR,11,0.0,0.0,0.0,0.0,0.0,0.0,0.0,0.0,0.0,23.0,8.0,133.0,16.63,0.0,0.0,0.0,0.0,0.0,D.Mims
Patrick Ricard,BAL,RB,13,0.0,0.0,0.0,0.0,0.0,2.0,4.0,2.0,0.0,13.0,8.0,63.0,7.88,1.0,0.0,0.0,0.0,0.0,P.Ricard
Ben Skowronek,LAR,WR,14,0.0,0.0,0.0,0.0,0.0,0.0,0.0,0.0,0.0,20.0,11.0,133.0,12.09,0.0,0.0,0.0,0.0,0.0,B.Skowronek
Lee Smith,ATL,TE,16,0.0,0.0,0.0,0.0,0.0,0.0,0.0,0.0,0.0,11.0,9.0,65.0,7.22,1.0,0.0,0.0,0.0,0.0,L.Smith
Kenny Stills,NOR,WR,13,0.0,0.0,0.0,0.0,0.0,1.0,1.0,1.0,0.0,23.0,6.0,68.0,11.33,1.0,0.0,0.0,0.0,0.0,K.Stills
Michael Burton,KAN,RB,16,0.0,0.0,0.0,0.0,0.0,8.0,26.0,3.25,1.0,3.0,3.0,31.0,10.33,0.0,0.0,0.0,0.0,0.0,M.Burton
Jacob Hollister,JAX,TE,7,0.0,0.0,0.0,0.0,0.0,0.0,0.0,0.0,0.0,14.0,9.0,55.0,6.11,1.0,0.0,0.0,0.0,0.0,J.Hollister
Brian Hoyer,NWE,QB,5,9.0,11.0,227.0,1.0,0.0,11.0,-8.0,-0.73,0.0,0.0,0.0,0.0,0.0,0.0,0.0,0.0,0.0,0.0,B.Hoyer
Jesse James,CHI,TE,14,0.0,0.0,0.0,0.0,0.0,0.0,0.0,0.0,0.0,8.0,7.0,62.0,8.86,1.0,0.0,0.0,0.0,0.0,J.James
Joshua Kelley,LAC,RB,10,0.0,0.0,0.0,0.0,0.0,33.0,102.0,3.09,0.0,6.0,5.0,38.0,7.6,0.0,1.0,1.0,0.0,0.0,J.Kelley
Tom Kennedy,DET,WR,12,1.0,1.0,75.0,1.0,0.0,0.0,0.0,0.0,0.0,10.0,6.0,54.0,9.0,0.0,0.0,0.0,0.0,0.0,T.Kennedy
Antony Auclair,HOU,TE,16,0.0,0.0,0.0,0.0,0.0,0.0,0.0,0.0,0.0,5.0,5.0,47.0,9.4,1.0,0.0,0.0,0.0,0.0,A.Auclair
Phillip Dorsett,3TM,WR,6,0.0,0.0,0.0,0.0,0.0,1.0,0.0,0.0,0.0,14.0,7.0,110.0,15.71,0.0,0.0,0.0,0.0,0.0,P.Dorsett
Ross Dwelley,SFO,TE,17,0.0,0.0,0.0,0.0,0.0,0.0,0.0,0.0,0.0,5.0,4.0,51.0,12.75,1.0,0.0,0.0,0.0,0.0,R.Dwelley
Dez Fitzpatrick,TEN,WR,4,0.0,0.0,0.0,0.0,0.0,0.0,0.0,0.0,0.0,8.0,5.0,49.0,9.8,1.0,0.0,0.0,0.0,0.0,D.Fitzpatrick
Jake Fromm,NYG,QB,3,27.0,60.0,210.0,1.0,3.0,8.0,65.0,8.13,0.0,0.0,0.0,0.0,0.0,0.0,2.0,1.0,0.0,0.0,J.Fromm
Kylen Granson,IND,TE,17,0.0,0.0,0.0,0.0,0.0,0.0,0.0,0.0,0.0,15.0,11.0,106.0,9.64,0.0,0.0,0.0,0.0,0.0,K.Granson
Collin Johnson,NYG,WR,12,0.0,0.0,0.0,0.0,0.0,0.0,0.0,0.0,0.0,21.0,11.0,105.0,9.55,0.0,0.0,0.0,0.0,0.0,C.Johnson
Marlon Mack,IND,RB,6,0.0,0.0,0.0,0.0,0.0,28.0,101.0,3.61,0.0,5.0,2.0,8.0,4.0,0.0,0.0,0.0,0.0,0.0,M.Mack
Jalen Richard,LVR,RB,10,0.0,0.0,0.0,0.0,0.0,9.0,40.0,4.44,0.0,14.0,12.0,72.0,6.0,0.0,0.0,0.0,0.0,0.0,J.Richard
Eric Saubert,DEN,TE,17,0.0,0.0,0.0,0.0,0.0,0.0,0.0,0.0,0.0,12.0,8.0,47.0,5.88,1.0,0.0,0.0,0.0,0.0,E.Saubert
Adam Shaheen,MIA,TE,12,0.0,0.0,0.0,0.0,0.0,0.0,0.0,0.0,0.0,16.0,12.0,110.0,9.17,0.0,0.0,0.0,0.0,0.0,A.Shaheen
Jeff Smith,NYJ,WR,12,0.0,0.0,0.0,0.0,0.0,1.0,-1.0,-1.0,0.0,17.0,8.0,113.0,14.13,0.0,0.0,0.0,0.0,0.0,J.Smith
Benny Snell Jr.,PIT,RB,17,0.0,0.0,0.0,0.0,0.0,36.0,98.0,2.72,0.0,4.0,2.0,13.0,6.5,0.0,0.0,0.0,0.0,0.0,B.Snell Jr.
Equanimeous St. Brown,GNB,WR,13,0.0,0.0,0.0,0.0,0.0,3.0,14.0,4.67,0.0,17.0,9.0,98.0,10.89,0.0,0.0,0.0,0.0,0.0,E.St. Brown
Ryquell Armstead,JAX,RB,2,0.0,0.0,0.0,0.0,0.0,15.0,80.0,5.33,0.0,4.0,3.0,16.0,5.33,0.0,0.0,0.0,0.0,0.0,R.Armstead
Blake Bell,KAN,TE,16,0.0,0.0,0.0,0.0,0.0,4.0,10.0,2.5,0.0,13.0,9.0,87.0,9.67,0.0,0.0,0.0,0.0,0.0,B.Bell
Trinity Benson,DET,WR,8,0.0,0.0,0.0,0.0,0.0,0.0,0.0,0.0,0.0,22.0,10.0,103.0,10.3,0.0,0.0,0.0,0.0,0.0,T.Benson
Jason Cabinda,DET,RB,14,0.0,0.0,0.0,0.0,0.0,3.0,23.0,7.67,0.0,7.0,4.0,16.0,4.0,1.0,0.0,0.0,0.0,0.0,J.Cabinda
Noah Gray,KAN,TE,16,0.0,0.0,0.0,0.0,0.0,0.0,0.0,0.0,0.0,10.0,7.0,36.0,5.14,1.0,0.0,0.0,0.0,0.0,N.Gray
Chris Herndon,MIN,TE,16,0.0,0.0,0.0,0.0,0.0,0.0,0.0,0.0,0.0,7.0,4.0,40.0,10.0,1.0,0.0,0.0,0.0,0.0,C.Herndon
Chris Hogan,NOR,WR,5,0.0,0.0,0.0,0.0,0.0,0.0,0.0,0.0,0.0,8.0,4.0,41.0,10.25,1.0,0.0,0.0,0.0,0.0,C.Hogan
Nick Mullens,CLE,QB,1,20.0,30.0,147.0,1.0,0.0,0.0,0.0,0.0,0.0,0.0,0.0,0.0,0.0,0.0,0.0,0.0,0.0,0.0,N.Mullens
Shi Smith,CAR,WR,6,0.0,0.0,0.0,0.0,0.0,1.0,-3.0,-3.0,0.0,11.0,6.0,104.0,17.33,0.0,0.0,0.0,0.0,0.0,S.Smith
Tommy Sweeney,BUF,TE,13,0.0,0.0,0.0,0.0,0.0,0.0,0.0,0.0,0.0,12.0,9.0,44.0,4.89,1.0,1.0,0.0,0.0,0.0,T.Sweeney
Auden Tate,CIN,WR,7,0.0,0.0,0.0,0.0,0.0,0.0,0.0,0.0,0.0,4.0,3.0,39.0,13.0,1.0,0.0,0.0,0.0,0.0,A.Tate
Cameron Batson,TEN,WR,4,0.0,0.0,0.0,0.0,0.0,2.0,15.0,7.5,0.0,5.0,2.0,15.0,7.5,1.0,0.0,0.0,0.0,0.0,C.Batson
Josh Gordon,KAN,WR,12,0.0,0.0,0.0,0.0,0.0,0.0,0.0,0.0,0.0,14.0,5.0,32.0,6.4,1.0,0.0,0.0,0.0,0.0,J.Gordon
JaQuan Hardy,DAL,RB,3,0.0,0.0,0.0,0.0,0.0,4.0,29.0,7.25,1.0,0.0,0.0,0.0,0.0,0.0,0.0,0.0,0.0,0.0,J.Hardy
Deon Jackson,IND,RB,9,0.0,0.0,0.0,0.0,0.0,13.0,31.0,2.38,1.0,0.0,0.0,0.0,0.0,0.0,0.0,0.0,0.0,0.0,D.Jackson
Andy Janovich,CLE,RB,13,0.0,0.0,0.0,0.0,0.0,2.0,0.0,0.0,1.0,4.0,3.0,9.0,3.0,0.0,0.0,0.0,1.0,0.0,A.Janovich
Sean McKeon,DAL,TE,9,0.0,0.0,0.0,0.0,0.0,0.0,0.0,0.0,0.0,6.0,4.0,27.0,6.75,1.0,0.0,0.0,0.0,0.0,S.McKeon
Anthony Miller,2TM,WR,3,0.0,0.0,0.0,0.0,0.0,0.0,0.0,0.0,0.0,12.0,6.0,25.0,4.17,1.0,0.0,0.0,0.0,0.0,A.Miller
Keith Smith,ATL,RB,17,0.0,0.0,0.0,0.0,0.0,9.0,31.0,3.44,0.0,10.0,9.0,56.0,6.22,0.0,0.0,0.0,0.0,0.0,K.Smith
Kyle Allen,WAS,QB,2,12.0,19.0,120.0,1.0,0.0,2.0,11.0,5.5,0.0,0.0,0.0,0.0,0.0,0.0,1.0,1.0,0.0,0.0,K.Allen
Alex Armah,2TM,RB,11,0.0,0.0,0.0,0.0,0.0,5.0,21.0,4.2,0.0,1.0,1.0,1.0,1.0,1.0,0.0,0.0,0.0,0.0,A.Armah
Garrett Gilbert,WAS,QB,1,20.0,31.0,194.0,0.0,0.0,0.0,0.0,0.0,0.0,0.0,0.0,0.0,0.0,0.0,1.0,0.0,0.0,0.0,G.Gilbert
Tyree Jackson,PHI,TE,9,0.0,0.0,0.0,0.0,0.0,0.0,0.0,0.0,0.0,7.0,3.0,22.0,7.33,1.0,0.0,0.0,0.0,0.0,T.Jackson
Chris Myarick,NYG,TE,8,0.0,0.0,0.0,0.0,0.0,0.0,0.0,0.0,0.0,6.0,3.0,17.0,5.67,1.0,0.0,0.0,0.0,0.0,C.Myarick
Dezmon Patmon,IND,WR,8,0.0,0.0,0.0,0.0,0.0,0.0,0.0,0.0,0.0,4.0,2.0,21.0,10.5,1.0,0.0,0.0,0.0,0.0,D.Patmon
Drew Sample,CIN,TE,17,0.0,0.0,0.0,0.0,0.0,0.0,0.0,0.0,0.0,15.0,11.0,81.0,7.36,0.0,0.0,0.0,0.0,0.0,D.Sample
Mitchell Trubisky,BUF,QB,6,6.0,8.0,43.0,0.0,1.0,13.0,24.0,1.85,1.0,0.0,0.0,0.0,0.0,0.0,0.0,0.0,0.0,0.0,M.Trubisky
Preston Williams,MIA,WR,8,0.0,0.0,0.0,0.0,0.0,1.0,7.0,7.0,0.0,16.0,6.0,71.0,11.83,0.0,0.0,0.0,0.0,0.0,P.Williams
KJ Hamler,DEN,WR,3,0.0,0.0,0.0,0.0,0.0,0.0,0.0,0.0,0.0,10.0,5.0,74.0,14.8,0.0,0.0,0.0,0.0,0.0,K.Hamler
Josh Oliver,BAL,TE,14,0.0,0.0,0.0,0.0,0.0,0.0,0.0,0.0,0.0,15.0,9.0,66.0,7.33,0.0,1.0,0.0,0.0,0.0,J.Oliver
Andre Roberts,2TM,WR,16,0.0,0.0,0.0,0.0,0.0,3.0,19.0,6.33,0.0,2.0,1.0,35.0,35.0,0.0,3.0,2.0,0.0,0.0,A.Roberts
Johnny Stanton,CLE,RB,4,0.0,0.0,0.0,0.0,0.0,3.0,5.0,1.67,0.0,2.0,2.0,7.0,3.5,1.0,0.0,0.0,0.0,0.0,J.Stanton
Jonathan Ward,ARI,RB,13,0.0,0.0,0.0,0.0,0.0,9.0,33.0,3.67,0.0,4.0,3.0,34.0,11.33,0.0,0.0,0.0,0.0,0.0,J.Ward
Dede Westbrook,MIN,WR,15,0.0,0.0,0.0,0.0,0.0,0.0,0.0,0.0,0.0,15.0,10.0,68.0,6.8,0.0,2.0,0.0,0.0,0.0,D.Westbrook
C.J. Board,NYG,WR,6,0.0,0.0,0.0,0.0,0.0,1.0,6.0,6.0,0.0,6.0,4.0,51.0,12.75,0.0,0.0,0.0,0.0,0.0,C.Board
Mike Boone,DEN,RB,8,0.0,0.0,0.0,0.0,0.0,4.0,35.0,8.75,0.0,2.0,2.0,22.0,11.0,0.0,0.0,0.0,0.0,0.0,M.Boone
Ja'Marcus Bradley,CLE,WR,5,0.0,0.0,0.0,0.0,0.0,0.0,0.0,0.0,0.0,4.0,4.0,64.0,16.0,0.0,0.0,0.0,0.0,0.0,J.Bradley
Alex Erickson,CAR,WR,17,0.0,0.0,0.0,0.0,0.0,0.0,0.0,0.0,0.0,4.0,3.0,55.0,18.33,0.0,0.0,0.0,0.0,0.0,A.Erickson
Luke Farrell,JAX,TE,15,0.0,0.0,0.0,0.0,0.0,0.0,0.0,0.0,0.0,11.0,7.0,56.0,8.0,0.0,1.0,0.0,0.0,0.0,L.Farrell
Penny Hart,SEA,WR,17,0.0,0.0,0.0,0.0,0.0,0.0,0.0,0.0,0.0,12.0,7.0,59.0,8.43,0.0,0.0,0.0,0.0,0.0,P.Hart
Dax Milne,WAS,WR,13,0.0,0.0,0.0,0.0,0.0,1.0,1.0,1.0,0.0,14.0,9.0,83.0,9.22,0.0,1.0,1.0,0.0,0.0,D.Milne
Jason Moore,LAC,WR,2,0.0,0.0,0.0,0.0,0.0,0.0,0.0,0.0,0.0,4.0,3.0,56.0,18.67,0.0,0.0,0.0,0.0,0.0,J.Moore
Amari Rodgers,GNB,WR,16,0.0,0.0,0.0,0.0,0.0,1.0,11.0,11.0,0.0,8.0,4.0,45.0,11.25,0.0,2.0,0.0,0.0,0.0,A.Rodgers
Ito Smith,DAL,RB,1,0.0,0.0,0.0,0.0,0.0,1.0,4.0,4.0,1.0,0.0,0.0,0.0,0.0,0.0,0.0,0.0,0.0,0.0,I.Smith
Trayveon Williams,CIN,RB,5,0.0,0.0,0.0,0.0,0.0,15.0,51.0,3.4,0.0,2.0,1.0,4.0,4.0,0.0,0.0,0.0,0.0,0.0,T.Williams
Jaelon Darden,TAM,WR,9,0.0,0.0,0.0,0.0,0.0,1.0,11.0,11.0,0.0,12.0,6.0,43.0,7.17,0.0,0.0,0.0,0.0,0.0,J.Darden
Will Fuller,MIA,WR,2,0.0,0.0,0.0,0.0,0.0,0.0,0.0,0.0,0.0,8.0,4.0,26.0,6.5,0.0,0.0,0.0,1.0,0.0,W.Fuller
Jason Huntley,PHI,RB,1,0.0,0.0,0.0,0.0,0.0,13.0,51.0,3.92,0.0,1.0,0.0,0.0,0.0,0.0,0.0,0.0,0.0,0.0,J.Huntley
Tre' McKitty,LAC,TE,11,0.0,0.0,0.0,0.0,0.0,0.0,0.0,0.0,0.0,8.0,6.0,45.0,7.5,0.0,0.0,0.0,0.0,0.0,T.McKitty
Wendell Smallwood,WAS,RB,3,0.0,0.0,0.0,0.0,0.0,5.0,25.0,5.0,0.0,5.0,4.0,22.0,5.5,0.0,0.0,0.0,0.0,0.0,W.Smallwood
Rodney Smith,CAR,RB,2,0.0,0.0,0.0,0.0,0.0,0.0,0.0,0.0,0.0,5.0,5.0,48.0,9.6,0.0,0.0,0.0,0.0,0.0,R.Smith
Mike Thomas,CIN,WR,12,0.0,0.0,0.0,0.0,0.0,0.0,0.0,0.0,0.0,11.0,5.0,52.0,10.4,0.0,0.0,0.0,0.0,0.0,M.Thomas
Charlie Woerner,SFO,TE,17,0.0,0.0,0.0,0.0,0.0,0.0,0.0,0.0,0.0,6.0,5.0,52.0,10.4,0.0,0.0,0.0,0.0,0.0,C.Woerner
JJ Arcega-Whiteside,PHI,WR,16,0.0,0.0,0.0,0.0,0.0,0.0,0.0,0.0,0.0,5.0,2.0,36.0,18.0,0.0,0.0,0.0,0.0,0.0,J.Arcega-Whiteside
Kalen Ballage,PIT,RB,17,0.0,0.0,0.0,0.0,0.0,12.0,36.0,3.0,0.0,7.0,2.0,8.0,4.0,0.0,0.0,0.0,0.0,0.0,K.Ballage
Kendall Blanton,LAR,TE,11,0.0,0.0,0.0,0.0,0.0,0.0,0.0,0.0,0.0,7.0,4.0,37.0,9.25,0.0,1.0,0.0,0.0,0.0,K.Blanton
Pharoh Cooper,NYG,WR,8,0.0,0.0,0.0,0.0,0.0,1.0,3.0,3.0,0.0,11.0,4.0,33.0,8.25,0.0,0.0,0.0,0.0,0.0,P.Cooper
Tyler Davis,GNB,TE,14,0.0,0.0,0.0,0.0,0.0,0.0,0.0,0.0,0.0,5.0,4.0,35.0,8.75,0.0,0.0,0.0,0.0,0.0,T.Davis
Greg Dortch,ARI,WR,5,0.0,0.0,0.0,0.0,0.0,1.0,24.0,24.0,0.0,3.0,3.0,15.0,5.0,0.0,0.0,0.0,0.0,0.0,G.Dortch
Darren Fells,2TM,TE,9,0.0,0.0,0.0,0.0,0.0,0.0,0.0,0.0,0.0,5.0,4.0,43.0,10.75,0.0,0.0,0.0,0.0,0.0,D.Fells
Garrett Griffin,NOR,TE,13,0.0,0.0,0.0,0.0,0.0,0.0,0.0,0.0,0.0,4.0,4.0,39.0,9.75,0.0,1.0,0.0,0.0,0.0,G.Griffin
Parker Hesse,ATL,TE,8,0.0,0.0,0.0,0.0,0.0,0.0,0.0,0.0,0.0,6.0,5.0,43.0,8.6,0.0,0.0,0.0,0.0,0.0,P.Hesse
Jakob Johnson,NWE,RB,17,0.0,0.0,0.0,0.0,0.0,0.0,0.0,0.0,0.0,5.0,4.0,43.0,10.75,0.0,0.0,0.0,0.0,0.0,J.Johnson
D.J. Montgomery,NYJ,WR,3,0.0,0.0,0.0,0.0,0.0,0.0,0.0,0.0,0.0,6.0,3.0,36.0,12.0,0.0,0.0,0.0,0.0,0.0,D.Montgomery
Gunner Olszewski,NWE,WR,16,0.0,0.0,0.0,0.0,0.0,1.0,9.0,9.0,0.0,3.0,2.0,31.0,15.5,0.0,3.0,0.0,0.0,0.0,G.Olszewski
Curtis Samuel,WAS,WR,5,0.0,0.0,0.0,0.0,0.0,4.0,11.0,2.75,0.0,9.0,6.0,27.0,4.5,0.0,0.0,0.0,0.0,0.0,C.Samuel
Willie Snead,2TM,WR,9,0.0,0.0,0.0,0.0,0.0,0.0,0.0,0.0,0.0,8.0,4.0,38.0,9.5,0.0,0.0,0.0,0.0,0.0,W.Snead
Trent Taylor,CIN,WR,4,0.0,0.0,0.0,0.0,0.0,0.0,0.0,0.0,0.0,3.0,2.0,41.0,20.5,0.0,0.0,0.0,0.0,0.0,T.Taylor
Trevon Wesco,NYJ,TE,12,0.0,0.0,0.0,0.0,0.0,0.0,0.0,0.0,0.0,5.0,3.0,35.0,11.67,0.0,0.0,0.0,0.0,0.0,T.Wesco
Kevin White,NOR,WR,6,0.0,0.0,0.0,0.0,0.0,0.0,0.0,0.0,0.0,5.0,1.0,38.0,38.0,0.0,0.0,0.0,0.0,0.0,K.White
Juwann Winfree,GNB,WR,7,0.0,0.0,0.0,0.0,0.0,0.0,0.0,0.0,0.0,13.0,8.0,58.0,7.25,0.0,2.0,1.0,0.0,0.0,J.Winfree
Kenny Yeboah,NYJ,TE,9,0.0,0.0,0.0,0.0,0.0,0.0,0.0,0.0,0.0,3.0,2.0,36.0,18.0,0.0,0.0,0.0,0.0,0.0,K.Yeboah
Christian Blake,ATL,WR,16,0.0,0.0,0.0,0.0,0.0,0.0,0.0,0.0,0.0,9.0,4.0,25.0,6.25,0.0,0.0,0.0,0.0,0.0,C.Blake
Daniel Brown,NYJ,WR,12,0.0,0.0,0.0,0.0,0.0,0.0,0.0,0.0,0.0,2.0,2.0,29.0,14.5,0.0,0.0,0.0,0.0,0.0,D.Brown
Dominique Dafney,GNB,TE,10,0.0,0.0,0.0,0.0,0.0,0.0,0.0,0.0,0.0,4.0,2.0,34.0,17.0,0.0,0.0,0.0,0.0,0.0,D.Dafney
Reggie Gilliam,BUF,RB,16,0.0,0.0,0.0,0.0,0.0,3.0,3.0,1.0,0.0,5.0,3.0,23.0,7.67,0.0,0.0,0.0,0.0,0.0,R.Gilliam
Chad Henne,KAN,QB,4,11.0,16.0,82.0,0.0,0.0,8.0,0.0,0.0,0.0,0.0,0.0,0.0,0.0,0.0,2.0,0.0,0.0,0.0,C.Henne
K.J. Hill,LAC,WR,6,0.0,0.0,0.0,0.0,0.0,0.0,0.0,0.0,0.0,3.0,3.0,30.0,10.0,0.0,0.0,0.0,0.0,0.0,K.Hill
Kylin Hill,GNB,RB,8,0.0,0.0,0.0,0.0,0.0,10.0,24.0,2.4,0.0,2.0,1.0,5.0,5.0,0.0,0.0,0.0,0.0,0.0,K.Hill
Cody Hollister,TEN,WR,3,0.0,0.0,0.0,0.0,0.0,0.0,0.0,0.0,0.0,7.0,4.0,33.0,8.25,0.0,0.0,0.0,0.0,0.0,C.Hollister
Tommy Hudson,TEN,TE,5,0.0,0.0,0.0,0.0,0.0,0.0,0.0,0.0,0.0,6.0,3.0,31.0,10.33,0.0,0.0,0.0,0.0,0.0,T.Hudson
Trenton Irwin,CIN,WR,7,0.0,0.0,0.0,0.0,0.0,0.0,0.0,0.0,0.0,5.0,2.0,34.0,17.0,0.0,0.0,0.0,0.0,0.0,T.Irwin
Jake Kumerow,BUF,WR,15,0.0,0.0,0.0,0.0,0.0,0.0,0.0,0.0,0.0,6.0,2.0,28.0,14.0,0.0,0.0,0.0,0.0,0.0,J.Kumerow
Gabe Nabers,LAC,RB,10,0.0,0.0,0.0,0.0,0.0,3.0,8.0,2.67,0.0,3.0,3.0,17.0,5.67,0.0,0.0,0.0,0.0,0.0,G.Nabers
Colby Parkinson,SEA,TE,14,0.0,0.0,0.0,0.0,0.0,0.0,0.0,0.0,0.0,8.0,5.0,33.0,6.6,0.0,0.0,0.0,0.0,0.0,C.Parkinson
La'Mical Perine,NYJ,RB,4,0.0,0.0,0.0,0.0,0.0,8.0,31.0,3.88,0.0,0.0,0.0,0.0,0.0,0.0,0.0,0.0,0.0,0.0,L.Perine
Kaden Smith,NYG,TE,9,0.0,0.0,0.0,0.0,0.0,0.0,0.0,0.0,0.0,3.0,3.0,33.0,11.0,0.0,0.0,0.0,0.0,0.0,K.Smith
Jeremy Sprinkle,DAL,TE,17,0.0,0.0,0.0,0.0,0.0,0.0,0.0,0.0,0.0,3.0,3.0,31.0,10.33,0.0,0.0,0.0,0.0,0.0,J.Sprinkle
Mike Strachan,IND,WR,6,0.0,0.0,0.0,0.0,0.0,0.0,0.0,0.0,0.0,3.0,2.0,26.0,13.0,0.0,0.0,0.0,0.0,0.0,M.Strachan
Dwayne Washington,NOR,RB,14,0.0,0.0,0.0,0.0,0.0,4.0,16.0,4.0,0.0,2.0,2.0,12.0,6.0,0.0,0.0,0.0,0.0,0.0,D.Washington
Cody White,PIT,WR,15,0.0,0.0,0.0,0.0,0.0,0.0,0.0,0.0,0.0,6.0,5.0,33.0,6.6,0.0,0.0,0.0,0.0,0.0,C.White
Seth Williams,DEN,WR,2,0.0,0.0,0.0,0.0,0.0,0.0,0.0,0.0,0.0,1.0,1.0,34.0,34.0,0.0,0.0,0.0,0.0,0.0,S.Williams
Shane Zylstra,DET,TE,4,0.0,0.0,0.0,0.0,0.0,0.0,0.0,0.0,0.0,7.0,3.0,34.0,11.33,0.0,0.0,0.0,0.0,0.0,S.Zylstra
Nick Bawden,NYJ,RB,9,0.0,0.0,0.0,0.0,0.0,0.0,0.0,0.0,0.0,1.0,1.0,20.0,20.0,0.0,0.0,0.0,0.0,0.0,N.Bawden
C.J. Beathard,JAX,QB,2,2.0,2.0,33.0,0.0,0.0,1.0,2.0,2.0,0.0,0.0,0.0,0.0,0.0,0.0,0.0,0.0,0.0,0.0,C.Beathard
Reggie Bonnafon,CAR,RB,4,0.0,0.0,0.0,0.0,0.0,1.0,4.0,4.0,0.0,2.0,2.0,12.0,6.0,0.0,0.0,0.0,0.0,0.0,R.Bonnafon
Ian Book,NOR,QB,1,12.0,20.0,135.0,0.0,2.0,3.0,6.0,2.0,0.0,0.0,0.0,0.0,0.0,0.0,0.0,0.0,0.0,0.0,I.Book
Cethan Carter,MIA,TE,16,0.0,0.0,0.0,0.0,0.0,0.0,0.0,0.0,0.0,2.0,2.0,16.0,8.0,0.0,0.0,0.0,0.0,0.0,C.Carter
Davion Davis,HOU,WR,2,0.0,0.0,0.0,0.0,0.0,0.0,0.0,0.0,0.0,3.0,1.0,17.0,17.0,0.0,0.0,0.0,0.0,0.0,D.Davis
Darrynton Evans,TEN,RB,1,0.0,0.0,0.0,0.0,0.0,2.0,7.0,3.5,0.0,2.0,2.0,11.0,5.5,0.0,0.0,0.0,0.0,0.0,D.Evans
Blaine Gabbert,TAM,QB,6,7.0,11.0,67.0,0.0,0.0,9.0,-7.0,-0.78,0.0,0.0,0.0,0.0,0.0,0.0,0.0,0.0,0.0,0.0,B.Gabbert
Tyron Johnson,2TM,WR,10,0.0,0.0,0.0,0.0,0.0,0.0,0.0,0.0,0.0,5.0,2.0,16.0,8.0,0.0,0.0,0.0,0.0,0.0,T.Johnson
Marcus Kemp,KAN,WR,16,0.0,0.0,0.0,0.0,0.0,0.0,0.0,0.0,0.0,5.0,2.0,24.0,12.0,0.0,0.0,0.0,0.0,0.0,M.Kemp
Keith Kirkwood,CAR,WR,3,0.0,0.0,0.0,0.0,0.0,0.0,0.0,0.0,0.0,7.0,3.0,17.0,5.67,0.0,0.0,0.0,0.0,0.0,K.Kirkwood
Patrick Laird,MIA,RB,6,0.0,0.0,0.0,0.0,0.0,1.0,4.0,4.0,0.0,3.0,3.0,17.0,5.67,0.0,0.0,0.0,0.0,0.0,P.Laird
Raheem Mostert,SFO,RB,1,0.0,0.0,0.0,0.0,0.0,2.0,20.0,10.0,0.0,0.0,0.0,0.0,0.0,0.0,0.0,0.0,0.0,0.0,R.Mostert
Dazz Newsome,CHI,WR,3,0.0,0.0,0.0,0.0,0.0,0.0,0.0,0.0,0.0,5.0,2.0,23.0,11.5,0.0,0.0,0.0,0.0,0.0,D.Newsome
Scottie Phillips,HOU,RB,3,0.0,0.0,0.0,0.0,0.0,6.0,13.0,2.17,0.0,3.0,2.0,9.0,4.5,0.0,0.0,0.0,0.0,0.0,S.Phillips
Adam Prentice,NOR,RB,7,0.0,0.0,0.0,0.0,0.0,3.0,5.0,1.67,0.0,3.0,3.0,16.0,5.33,0.0,0.0,0.0,0.0,0.0,A.Prentice
Trey Ragas,LVR,RB,1,0.0,0.0,0.0,0.0,0.0,1.0,9.0,9.0,0.0,2.0,2.0,6.0,3.0,0.0,0.0,0.0,0.0,0.0,T.Ragas
Jaylen Samuels,HOU,RB,3,0.0,0.0,0.0,0.0,0.0,5.0,9.0,1.8,0.0,4.0,3.0,14.0,4.67,0.0,0.0,0.0,0.0,0.0,J.Samuels
David Sills,NYG,WR,4,0.0,0.0,0.0,0.0,0.0,0.0,0.0,0.0,0.0,6.0,2.0,17.0,8.5,0.0,0.0,0.0,0.0,0.0,D.Sills
Jack Stoll,PHI,TE,16,0.0,0.0,0.0,0.0,0.0,0.0,0.0,0.0,0.0,5.0,4.0,22.0,5.5,0.0,0.0,0.0,0.0,0.0,J.Stoll
Chris Streveler,ARI,QB,2,6.0,9.0,36.0,0.0,0.0,3.0,6.0,2.0,0.0,0.0,0.0,0.0,0.0,0.0,1.0,0.0,0.0,0.0,C.Streveler
Tylan Wallace,BAL,WR,17,0.0,0.0,0.0,0.0,0.0,0.0,0.0,0.0,0.0,6.0,2.0,23.0,11.5,0.0,0.0,0.0,0.0,0.0,T.Wallace
Derek Watt,PIT,RB,17,0.0,0.0,0.0,0.0,0.0,1.0,1.0,1.0,0.0,3.0,3.0,15.0,5.0,0.0,0.0,0.0,0.0,0.0,D.Watt
Mitchell Wilcox,CIN,TE,15,0.0,0.0,0.0,0.0,0.0,0.0,0.0,0.0,0.0,5.0,3.0,16.0,5.33,0.0,0.0,0.0,0.0,0.0,M.Wilcox
Cam Akers,LAR,RB,1,0.0,0.0,0.0,0.0,0.0,5.0,3.0,0.6,0.0,3.0,3.0,10.0,3.33,0.0,0.0,0.0,0.0,0.0,C.Akers
Tarik Black,NYJ,WR,1,0.0,0.0,0.0,0.0,0.0,0.0,0.0,0.0,0.0,2.0,1.0,10.0,10.0,0.0,0.0,0.0,0.0,0.0,T.Black
David Blough,DET,QB,1,0.0,0.0,0.0,0.0,0.0,1.0,6.0,6.0,0.0,0.0,0.0,0.0,0.0,0.0,1.0,0.0,0.0,0.0,D.Blough
Miles Boykin,BAL,WR,8,0.0,0.0,0.0,0.0,0.0,0.0,0.0,0.0,0.0,1.0,1.0,6.0,6.0,0.0,0.0,0.0,0.0,0.0,M.Boykin
Gary Brightwell,NYG,RB,13,0.0,0.0,0.0,0.0,0.0,1.0,4.0,4.0,0.0,1.0,1.0,6.0,6.0,0.0,0.0,0.0,0.0,0.0,G.Brightwell
Derek Carrier,LVR,TE,5,0.0,0.0,0.0,0.0,0.0,0.0,0.0,0.0,0.0,2.0,2.0,13.0,6.5,0.0,0.0,0.0,0.0,0.0,D.Carrier
Keke Coutee,IND,WR,2,0.0,0.0,0.0,0.0,0.0,0.0,0.0,0.0,0.0,1.0,1.0,5.0,5.0,0.0,0.0,0.0,0.0,0.0,K.Coutee
Damarea Crockett,DEN,RB,12,0.0,0.0,0.0,0.0,0.0,3.0,7.0,2.33,0.0,0.0,0.0,0.0,0.0,0.0,0.0,0.0,0.0,0.0,D.Crockett
Frank Darby,ATL,WR,10,0.0,0.0,0.0,0.0,0.0,0.0,0.0,0.0,0.0,4.0,1.0,14.0,14.0,0.0,0.0,0.0,0.0,0.0,F.Darby
Sam Ehlinger,IND,QB,3,0.0,0.0,0.0,0.0,0.0,3.0,9.0,3.0,0.0,0.0,0.0,0.0,0.0,0.0,0.0,0.0,0.0,0.0,S.Ehlinger
Ryan Fitzpatrick,WAS,QB,1,3.0,6.0,13.0,0.0,0.0,1.0,2.0,2.0,0.0,0.0,0.0,0.0,0.0,0.0,1.0,0.0,0.0,0.0,R.Fitzpatrick
Jake Funk,LAR,RB,10,0.0,0.0,0.0,0.0,0.0,2.0,5.0,2.5,0.0,0.0,0.0,0.0,0.0,0.0,0.0,0.0,0.0,0.0,J.Funk
Marvin Hall,ATL,WR,2,0.0,0.0,0.0,0.0,0.0,0.0,0.0,0.0,0.0,1.0,1.0,10.0,10.0,0.0,0.0,0.0,0.0,0.0,M.Hall
Demetrius Harris,ARI,TE,14,0.0,0.0,0.0,0.0,0.0,0.0,0.0,0.0,0.0,6.0,3.0,10.0,3.33,0.0,0.0,0.0,0.0,0.0,D.Harris
Brycen Hopkins,LAR,TE,5,0.0,0.0,0.0,0.0,0.0,0.0,0.0,0.0,0.0,1.0,1.0,9.0,9.0,0.0,0.0,0.0,0.0,0.0,B.Hopkins
Buddy Howell,LAR,RB,10,0.0,0.0,0.0,0.0,0.0,5.0,11.0,2.2,0.0,0.0,0.0,0.0,0.0,0.0,0.0,0.0,0.0,0.0,B.Howell
Andy Isabella,ARI,WR,8,0.0,0.0,0.0,0.0,0.0,0.0,0.0,0.0,0.0,1.0,1.0,13.0,13.0,0.0,0.0,0.0,0.0,0.0,A.Isabella
John Kelly,CLE,RB,4,0.0,0.0,0.0,0.0,0.0,2.0,13.0,6.5,0.0,0.0,0.0,0.0,0.0,0.0,0.0,0.0,0.0,0.0,J.Kelly
Tommylee Lewis,MIA,WR,2,0.0,0.0,0.0,0.0,0.0,0.0,0.0,0.0,0.0,2.0,1.0,7.0,7.0,0.0,0.0,0.0,0.0,0.0,T.Lewis
Hunter Long,MIA,TE,7,0.0,0.0,0.0,0.0,0.0,0.0,0.0,0.0,0.0,3.0,1.0,8.0,8.0,0.0,0.0,0.0,0.0,0.0,H.Long
Anthony McFarland Jr.,PIT,RB,2,0.0,0.0,0.0,0.0,0.0,3.0,3.0,1.0,0.0,1.0,1.0,11.0,11.0,0.0,0.0,0.0,0.0,0.0,A.McFarland Jr.
Kirk Merritt,MIA,WR,2,0.0,0.0,0.0,0.0,0.0,0.0,0.0,0.0,0.0,3.0,1.0,13.0,13.0,0.0,0.0,0.0,0.0,0.0,K.Merritt
Jaydon Mickens,2TM,WR,11,0.0,0.0,0.0,0.0,0.0,0.0,0.0,0.0,0.0,3.0,2.0,10.0,5.0,0.0,1.0,0.0,0.0,0.0,J.Mickens
Stanley Morgan Jr.,CIN,WR,17,0.0,0.0,0.0,0.0,0.0,1.0,3.0,3.0,0.0,4.0,2.0,11.0,5.5,0.0,0.0,0.0,0.0,0.0,S.Morgan Jr.
Johnny Mundt,LAR,TE,6,0.0,0.0,0.0,0.0,0.0,0.0,0.0,0.0,0.0,1.0,1.0,9.0,9.0,0.0,0.0,0.0,0.0,0.0,J.Mundt
Ryan Nall,CHI,RB,9,0.0,0.0,0.0,0.0,0.0,1.0,4.0,4.0,0.0,1.0,1.0,4.0,4.0,0.0,0.0,0.0,0.0,0.0,R.Nall
Jacques Patrick,SFO,RB,2,0.0,0.0,0.0,0.0,0.0,2.0,12.0,6.0,0.0,0.0,0.0,0.0,0.0,0.0,0.0,0.0,0.0,0.0,J.Patrick
Kevin Rader,PIT,TE,6,0.0,0.0,0.0,0.0,0.0,0.0,0.0,0.0,0.0,3.0,2.0,8.0,4.0,0.0,0.0,0.0,0.0,0.0,K.Rader
Richard Rodgers,PHI,TE,3,0.0,0.0,0.0,0.0,0.0,0.0,0.0,0.0,0.0,2.0,2.0,11.0,5.5,0.0,0.0,0.0,0.0,0.0,R.Rodgers
Mekhi Sargent,3TM,RB,7,0.0,0.0,0.0,0.0,0.0,5.0,11.0,2.2,0.0,1.0,0.0,0.0,0.0,0.0,0.0,0.0,0.0,0.0,M.Sargent
C.J. Saunders,CAR,WR,2,0.0,0.0,0.0,0.0,0.0,0.0,0.0,0.0,0.0,2.0,2.0,11.0,5.5,0.0,0.0,0.0,0.0,0.0,C.Saunders
Luke Stocker,MIN,TE,12,0.0,0.0,0.0,0.0,0.0,0.0,0.0,0.0,0.0,2.0,2.0,12.0,6.0,0.0,0.0,0.0,0.0,0.0,L.Stocker
Eric Tomlinson,BAL,TE,17,0.0,0.0,0.0,0.0,0.0,0.0,0.0,0.0,0.0,1.0,1.0,7.0,7.0,0.0,0.0,0.0,0.0,0.0,E.Tomlinson
Tyrell Williams,DET,WR,1,0.0,0.0,0.0,0.0,0.0,0.0,0.0,0.0,0.0,3.0,2.0,14.0,7.0,0.0,0.0,0.0,0.0,0.0,T.Williams
Easop Winston,NOR,WR,3,0.0,0.0,0.0,0.0,0.0,0.0,0.0,0.0,0.0,1.0,1.0,5.0,5.0,0.0,0.0,0.0,0.0,0.0,E.Winston
Ethan Wolf,NOR,TE,2,0.0,0.0,0.0,0.0,0.0,0.0,0.0,0.0,0.0,2.0,2.0,8.0,4.0,0.0,0.0,0.0,0.0,0.0,E.Wolf
Alex Bachman,NYG,WR,3,0.0,0.0,0.0,0.0,0.0,1.0,-3.0,-3.0,0.0,0.0,0.0,0.0,0.0,0.0,0.0,0.0,0.0,0.0,A.Bachman
Kenjon Barner,TAM,RB,3,0.0,0.0,0.0,0.0,0.0,4.0,0.0,0.0,0.0,0.0,0.0,0.0,0.0,0.0,0.0,0.0,0.0,0.0,K.Barner
Nick Bellore,SEA,RB,17,0.0,0.0,0.0,0.0,0.0,0.0,0.0,0.0,0.0,1.0,1.0,4.0,4.0,0.0,0.0,0.0,0.0,0.0,N.Bellore
Kurt Benkert,GNB,QB,1,0.0,0.0,0.0,0.0,0.0,2.0,-1.0,-0.5,0.0,0.0,0.0,0.0,0.0,0.0,0.0,0.0,0.0,0.0,K.Benkert
Nick Boyle,BAL,TE,5,0.0,0.0,0.0,0.0,0.0,0.0,0.0,0.0,0.0,2.0,1.0,2.0,2.0,0.0,0.0,0.0,0.0,0.0,N.Boyle
Nathan Cottrell,JAX,RB,4,0.0,0.0,0.0,0.0,0.0,1.0,3.0,3.0,0.0,0.0,0.0,0.0,0.0,0.0,0.0,0.0,0.0,0.0,N.Cottrell
Chase Daniel,LAC,QB,1,0.0,0.0,0.0,0.0,0.0,2.0,-2.0,-1.0,0.0,0.0,0.0,0.0,0.0,0.0,0.0,0.0,0.0,0.0,C.Daniel
Darrell Daniels,ARI,TE,15,0.0,0.0,0.0,0.0,0.0,0.0,0.0,0.0,0.0,4.0,1.0,0.0,0.0,0.0,0.0,0.0,0.0,0.0,D.Daniels
Maurice Ffrench,LAC,WR,3,0.0,0.0,0.0,0.0,0.0,1.0,3.0,3.0,0.0,0.0,0.0,0.0,0.0,0.0,0.0,0.0,0.0,0.0,M.Ffrench
Daniel Helm,LVR,TE,9,0.0,0.0,0.0,0.0,0.0,0.0,0.0,0.0,0.0,2.0,1.0,-1.0,-1.0,0.0,0.0,0.0,0.0,0.0,D.Helm
Nate McCrary,BAL,RB,1,0.0,0.0,0.0,0.0,0.0,1.0,-1.0,-1.0,0.0,0.0,0.0,0.0,0.0,0.0,0.0,0.0,0.0,0.0,N.McCrary
Kellen Mond,MIN,QB,1,2.0,3.0,5.0,0.0,0.0,0.0,0.0,0.0,0.0,0.0,0.0,0.0,0.0,0.0,0.0,0.0,0.0,0.0,K.Mond
Devine Ozigbo,2TM,RB,3,0.0,0.0,0.0,0.0,0.0,1.0,-3.0,-3.0,0.0,1.0,1.0,7.0,7.0,0.0,0.0,0.0,0.0,0.0,D.Ozigbo
Nathan Peterman,LVR,QB,1,0.0,0.0,0.0,0.0,0.0,2.0,2.0,1.0,0.0,0.0,0.0,0.0,0.0,0.0,0.0,0.0,0.0,0.0,N.Peterman
Brett Rypien,DEN,QB,1,0.0,2.0,0.0,0.0,0.0,0.0,0.0,0.0,0.0,0.0,0.0,0.0,0.0,0.0,0.0,0.0,0.0,0.0,B.Rypien
Davis Webb,BUF,QB,1,0.0,0.0,0.0,0.0,0.0,2.0,-3.0,-1.5,0.0,0.0,0.0,0.0,0.0,0.0,0.0,0.0,0.0,0.0,D.Webb
Deon Yelder,TAM,TE,5,0.0,0.0,0.0,0.0,0.0,0.0,0.0,0.0,0.0,1.0,1.0,0.0,0.0,0.0,0.0,0.0,0.0,0.0,D.Yelder
Khari Blasingame,TEN,RB,11,0.0,0.0,0.0,0.0,0.0,3.0,6.0,2.0,0.0,2.0,2.0,4.0,2.0,0.0,1.0,1.0,0.0,0.0,K.Blasingame
Jacob Eason,IND,QB,1,2.0,5.0,25.0,0.0,1.0,0.0,0.0,0.0,0.0,0.0,0.0,0.0,0.0,0.0,0.0,0.0,0.0,0.0,J.Eason
Feleipe Franks,ATL,QB,9,0.0,1.0,0.0,0.0,1.0,3.0,6.0,2.0,0.0,0.0,0.0,0.0,0.0,0.0,0.0,0.0,0.0,0.0,F.Franks
Racey McMath,TEN,WR,9,0.0,0.0,0.0,0.0,0.0,0.0,0.0,0.0,0.0,6.0,2.0,8.0,4.0,0.0,1.0,1.0,0.0,0.0,R.McMath
Malik Taylor,GNB,WR,10,0.0,0.0,0.0,0.0,0.0,0.0,0.0,0.0,0.0,3.0,2.0,14.0,7.0,0.0,1.0,1.0,0.0,0.0,M.Taylor
Logan Woodside,TEN,QB,5,0.0,0.0,0.0,0.0,0.0,6.0,-6.0,-1.0,0.0,0.0,0.0,0.0,0.0,0.0,0.0,0.0,0.0,0.0,L.Woodside
Trenton Cannon,2TM,RB,12,0.0,0.0,0.0,0.0,0.0,3.0,4.0,1.33,0.0,0.0,0.0,0.0,0.0,0.0,1.0,1.0,0.0,0.0,T.Cannon
John Wolford,LAR,QB,3,1.0,4.0,5.0,0.0,1.0,2.0,-1.0,-0.5,0.0,0.0,0.0,0.0,0.0,0.0,0.0,0.0,0.0,0.0,J.Wolford
Josh Rosen,ATL,QB,4,2.0,11.0,19.0,0.0,2.0,0.0,0.0,0.0,0.0,0.0,0.0,0.0,0.0,0.0,0.0,0.0,0.0,0.0,J.Rosen
Diontae Spencer,DEN,WR,15,0.0,0.0,0.0,0.0,0.0,0.0,0.0,0.0,0.0,4.0,1.0,-3.0,-3.0,0.0,2.0,2.0,0.0,0.0,D.Spencer
